,Year,Region,Accommodation,Administrative and Support Services,Agriculture,Construction,Education and Training,"Electricity, Gas, Water, and Waste services",Financial and Insurance Services,Food and beverage services,"Forestry, Fishing, Mining, Electricity, Gas, Water and Waste Services","Forestry, Fishing, and Mining","GST on Production, Import Duties and Other Taxes",Gross Domestic Product,Health Care and Social Assistance,"Information Media, Telecommunications and Other Services",Manufacturing,Other Manufacturing,Owner-Occupied Property Operation,Primary Manufacturing,"Professional, Scientific, and Technical Services",Public Administration and Safety,"Rental, Hiring and Real Estate Services",Retail Trade,Total,Total All Industries,"Transport, Postal and Warehousing",Wholesale Trade,Population
0,2000,Auckland,223.0,958.0,182.0,1855.0,1455.0,783.0,2124.0,442.0,996.0,212.0,2823.0,40539.0,1692.0,3535.0,6816.0,3015.0,2998.0,3801.0,3472.0,997.0,2585.0,1894.0,33958.0,37716.0,2012.0,3480.0,1193800.0
1,2000,Bay of Plenty,40.0,77.0,412.0,318.0,212.0,134.0,123.0,80.0,457.0,323.0,406.0,5837.0,312.0,217.0,1021.0,197.0,498.0,824.0,235.0,151.0,388.0,302.0,23920.0,5430.0,370.0,216.0,244000.0
2,2000,Canterbury,107.0,261.0,731.0,616.0,628.0,366.0,371.0,212.0,555.0,189.0,914.0,13129.0,741.0,937.0,2190.0,1004.0,1052.0,1187.0,668.0,410.0,712.0,640.0,26604.0,12215.0,710.0,673.0,493500.0
3,2000,Gisborne,6.0,13.0,99.0,55.0,53.0,11.0,11.0,11.0,103.0,92.0,67.0,968.0,59.0,38.0,132.0,19.0,66.0,113.0,32.0,34.0,60.0,49.0,20918.0,901.0,57.0,25.0,46300.0
4,2000,Hawke's Bay,17.0,50.0,357.0,174.0,129.0,59.0,65.0,34.0,175.0,116.0,253.0,3640.0,190.0,105.0,937.0,128.0,264.0,809.0,130.0,107.0,193.0,164.0,24692.0,3386.0,178.0,116.0,147400.0
5,2000,Manawatu-Whanganui,28.0,57.0,486.0,254.0,418.0,185.0,117.0,56.0,279.0,94.0,355.0,5096.0,323.0,255.0,598.0,218.0,397.0,380.0,227.0,355.0,273.0,275.0,22091.0,4742.0,172.0,171.0,230700.0
6,2000,Marlborough,8.0,9.0,90.0,49.0,32.0,,18.0,15.0,100.0,,70.0,1005.0,41.0,32.0,218.0,45.0,88.0,173.0,20.0,47.0,60.0,45.0,24878.0,935.0,49.0,14.0,40400.0
7,2000,New Zealand,701.0,2064.0,5165.0,5179.0,4838.0,3250.0,4956.0,1386.0,6388.0,3138.0,7884.0,113229.0,5344.0,8460.0,17614.0,6458.0,8416.0,11156.0,7594.0,4313.0,6355.0,5086.0,29421.0,105345.0,5274.0,6211.0,3848600.0
8,2000,Northland,18.0,30.0,327.0,150.0,135.0,48.0,61.0,35.0,213.0,166.0,199.0,2854.0,167.0,109.0,410.0,,286.0,,96.0,80.0,173.0,149.0,19789.0,2655.0,140.0,76.0,144200.0
9,2000,Otago,54.0,63.0,329.0,239.0,383.0,175.0,114.0,106.0,301.0,125.0,319.0,4584.0,281.0,327.0,530.0,198.0,400.0,332.0,196.0,135.0,253.0,218.0,24344.0,4265.0,224.0,112.0,
10,2000,Southland,16.0,18.0,375.0,116.0,89.0,127.0,57.0,31.0,231.0,105.0,176.0,2532.0,110.0,102.0,526.0,,136.0,,68.0,64.0,91.0,115.0,27134.0,2355.0,136.0,77.0,
11,2000,Taranaki,12.0,30.0,459.0,125.0,109.0,310.0,52.0,24.0,1193.0,883.0,266.0,3861.0,133.0,89.0,554.0,158.0,186.0,396.0,111.0,58.0,126.0,117.0,36085.0,3595.0,105.0,112.0,107000.0
12,2000,Tasman/Nelson,13.0,29.0,105.0,108.0,78.0,31.0,43.0,27.0,230.0,199.0,142.0,2042.0,107.0,83.0,345.0,71.0,184.0,274.0,84.0,45.0,120.0,99.0,24402.0,1900.0,136.0,63.0,83700.0
13,2000,Total North Island,494.0,1677.0,3462.0,4020.0,3599.0,2526.0,4336.0,977.0,4889.0,2363.0,6214.0,89242.0,4024.0,6952.0,13700.0,,6505.0,,6545.0,3588.0,5092.0,3933.0,30583.0,83028.0,3975.0,5259.0,2918000.0
14,2000,Total South Island,207.0,387.0,1703.0,1159.0,1239.0,724.0,620.0,409.0,1499.0,776.0,1670.0,23987.0,1320.0,1508.0,3914.0,,1912.0,,1050.0,725.0,1263.0,1153.0,25768.0,22317.0,1299.0,952.0,930900.0
15,2000,Waikato,55.0,92.0,998.0,498.0,479.0,482.0,208.0,110.0,883.0,401.0,642.0,9224.0,481.0,480.0,1335.0,419.0,733.0,916.0,339.0,267.0,590.0,419.0,25086.0,8582.0,313.0,303.0,367700.0
16,2000,Wellington,94.0,370.0,143.0,591.0,609.0,515.0,1576.0,185.0,590.0,75.0,1202.0,17223.0,667.0,2124.0,1897.0,664.0,1076.0,1233.0,1904.0,1539.0,704.0,564.0,39421.0,16021.0,627.0,760.0,436900.0
17,2000,West Coast,9.0,7.0,73.0,31.0,29.0,,16.0,18.0,83.0,,48.0,695.0,40.0,27.0,105.0,12.0,53.0,92.0,14.0,23.0,27.0,37.0,21930.0,647.0,43.0,12.0,31700.0
18,2001,Auckland,257.0,951.0,216.0,1820.0,1564.0,782.0,2446.0,477.0,979.0,197.0,2855.0,41705.0,1850.0,3747.0,6802.0,2911.0,3051.0,3890.0,3470.0,1034.0,2722.0,2009.0,34456.0,38850.0,1975.0,3482.0,1210400.0
19,2001,Bay of Plenty,45.0,85.0,525.0,317.0,229.0,142.0,126.0,84.0,488.0,346.0,429.0,6273.0,324.0,228.0,1141.0,208.0,502.0,933.0,253.0,160.0,395.0,307.0,25478.0,5843.0,382.0,251.0,246200.0
20,2001,Canterbury,126.0,259.0,984.0,644.0,665.0,302.0,391.0,235.0,516.0,214.0,944.0,13794.0,813.0,966.0,2221.0,1003.0,1079.0,1218.0,685.0,424.0,750.0,675.0,27799.0,12849.0,724.0,693.0,496200.0
21,2001,Gisborne,6.0,12.0,118.0,65.0,57.0,10.0,10.0,12.0,119.0,108.0,69.0,1014.0,60.0,37.0,120.0,19.0,67.0,102.0,31.0,35.0,67.0,50.0,22147.0,945.0,51.0,27.0,45800.0
22,2001,Hawke's Bay,20.0,50.0,489.0,163.0,137.0,31.0,67.0,37.0,175.0,144.0,268.0,3910.0,196.0,108.0,985.0,140.0,265.0,845.0,132.0,110.0,205.0,174.0,26528.0,3643.0,192.0,139.0,147400.0
23,2001,Manawatu-Whanganui,35.0,64.0,639.0,246.0,408.0,198.0,126.0,64.0,308.0,109.0,372.0,5437.0,338.0,261.0,640.0,228.0,399.0,412.0,228.0,372.0,295.0,283.0,23764.0,5065.0,184.0,174.0,228800.0
24,2001,Marlborough,9.0,7.0,117.0,50.0,33.0,,16.0,17.0,112.0,,75.0,1100.0,42.0,32.0,232.0,50.0,89.0,182.0,22.0,49.0,74.0,48.0,27092.0,1025.0,54.0,21.0,40600.0
25,2001,New Zealand,810.0,2067.0,7124.0,5139.0,5066.0,3169.0,5390.0,1506.0,6718.0,3549.0,8204.0,119839.0,5711.0,8924.0,18580.0,6510.0,8522.0,12070.0,7596.0,4505.0,6711.0,5346.0,30960.0,111635.0,5297.0,6621.0,3870800.0
26,2001,Northland,22.0,29.0,459.0,150.0,139.0,54.0,64.0,41.0,232.0,178.0,217.0,3171.0,189.0,113.0,464.0,,288.0,,100.0,84.0,184.0,156.0,21959.0,2954.0,131.0,108.0,144400.0
27,2001,Otago,63.0,67.0,464.0,259.0,397.0,200.0,126.0,117.0,365.0,165.0,339.0,4945.0,294.0,308.0,563.0,201.0,405.0,362.0,185.0,143.0,274.0,238.0,26259.0,4606.0,215.0,123.0,
28,2001,Southland,18.0,17.0,570.0,106.0,94.0,149.0,53.0,34.0,278.0,129.0,202.0,2948.0,119.0,107.0,600.0,,136.0,,69.0,67.0,113.0,123.0,31695.0,2746.0,142.0,100.0,
29,2001,Taranaki,14.0,35.0,615.0,119.0,115.0,294.0,62.0,27.0,1311.0,1017.0,319.0,4697.0,145.0,93.0,923.0,139.0,185.0,784.0,115.0,60.0,136.0,124.0,44227.0,4378.0,105.0,194.0,106200.0
30,2001,Tasman/Nelson,16.0,30.0,144.0,110.0,77.0,25.0,42.0,29.0,223.0,198.0,150.0,2184.0,108.0,87.0,393.0,60.0,186.0,332.0,85.0,47.0,135.0,107.0,25790.0,2035.0,142.0,74.0,84700.0
31,2001,Total North Island,566.0,1678.0,4735.0,3929.0,3772.0,2472.0,4745.0,1052.0,5121.0,2650.0,6441.0,94080.0,4296.0,7396.0,14461.0,,6576.0,,6536.0,3749.0,5337.0,4119.0,32036.0,87640.0,3980.0,5592.0,2936700.0
32,2001,Total South Island,244.0,389.0,2389.0,1210.0,1295.0,698.0,645.0,454.0,1597.0,899.0,1763.0,25758.0,1415.0,1528.0,4119.0,,1945.0,,1061.0,756.0,1374.0,1227.0,27576.0,23995.0,1318.0,1029.0,934100.0
33,2001,Waikato,63.0,85.0,1482.0,477.0,503.0,507.0,223.0,118.0,981.0,474.0,714.0,10426.0,498.0,540.0,1517.0,464.0,734.0,1054.0,349.0,286.0,606.0,438.0,28300.0,9712.0,355.0,458.0,368400.0
34,2001,Wellington,104.0,366.0,194.0,572.0,618.0,453.0,1620.0,193.0,530.0,76.0,1197.0,17447.0,696.0,2269.0,1869.0,713.0,1085.0,1155.0,1858.0,1608.0,727.0,579.0,39733.0,16250.0,604.0,758.0,439100.0
35,2001,West Coast,11.0,8.0,110.0,40.0,29.0,,18.0,21.0,103.0,,54.0,788.0,39.0,28.0,111.0,13.0,51.0,98.0,15.0,25.0,28.0,37.0,25181.0,734.0,42.0,19.0,31300.0
36,2002,Auckland,278.0,1030.0,235.0,1810.0,1652.0,899.0,2646.0,509.0,1094.0,196.0,3048.0,44888.0,1997.0,4030.0,7233.0,3168.0,3153.0,4065.0,3877.0,1097.0,2986.0,2277.0,36276.0,41840.0,2074.0,3863.0,1237400.0
37,2002,Bay of Plenty,51.0,104.0,597.0,340.0,238.0,124.0,147.0,94.0,469.0,345.0,454.0,6693.0,349.0,258.0,1142.0,245.0,506.0,897.0,297.0,166.0,402.0,362.0,26890.0,6238.0,400.0,316.0,248900.0
38,2002,Canterbury,138.0,295.0,1079.0,713.0,688.0,272.0,453.0,253.0,510.0,238.0,1005.0,14800.0,846.0,1029.0,2349.0,1121.0,1106.0,1228.0,758.0,456.0,815.0,770.0,29500.0,13795.0,756.0,782.0,501700.0
39,2002,Gisborne,7.0,13.0,140.0,61.0,58.0,16.0,12.0,13.0,122.0,105.0,72.0,1058.0,69.0,41.0,106.0,22.0,67.0,84.0,36.0,38.0,58.0,55.0,23257.0,986.0,63.0,29.0,45500.0
40,2002,Hawke's Bay,22.0,61.0,530.0,177.0,140.0,40.0,77.0,40.0,200.0,159.0,283.0,4165.0,206.0,119.0,1028.0,168.0,265.0,860.0,152.0,117.0,212.0,196.0,28139.0,3882.0,193.0,149.0,148000.0
41,2002,Manawatu-Whanganui,38.0,67.0,726.0,286.0,396.0,200.0,137.0,69.0,318.0,119.0,395.0,5816.0,357.0,260.0,694.0,256.0,400.0,438.0,236.0,390.0,296.0,327.0,25543.0,5421.0,199.0,223.0,227700.0
42,2002,Marlborough,10.0,10.0,134.0,58.0,32.0,,19.0,19.0,122.0,,83.0,1218.0,41.0,37.0,264.0,54.0,91.0,211.0,25.0,51.0,81.0,58.0,29709.0,1135.0,59.0,24.0,41000.0
43,2002,New Zealand,891.0,2321.0,8048.0,5484.0,5207.0,3287.0,5906.0,1630.0,6935.0,3648.0,8740.0,128712.0,6171.0,9539.0,19551.0,7038.0,8707.0,12513.0,8426.0,4794.0,7187.0,6130.0,32873.0,119973.0,5612.0,7433.0,3915400.0
44,2002,Northland,25.0,28.0,510.0,159.0,141.0,44.0,65.0,46.0,243.0,199.0,232.0,3420.0,212.0,126.0,506.0,,293.0,,111.0,91.0,186.0,178.0,23539.0,3188.0,140.0,128.0,145300.0
45,2002,Otago,72.0,87.0,502.0,313.0,404.0,168.0,153.0,132.0,355.0,187.0,366.0,5396.0,325.0,331.0,622.0,214.0,416.0,408.0,205.0,155.0,302.0,284.0,28447.0,5030.0,238.0,135.0,
46,2002,Southland,21.0,20.0,679.0,135.0,93.0,147.0,60.0,38.0,270.0,123.0,216.0,3182.0,128.0,123.0,568.0,,141.0,,76.0,73.0,125.0,138.0,34070.0,2966.0,162.0,117.0,
47,2002,Taranaki,15.0,49.0,723.0,133.0,112.0,285.0,63.0,28.0,1271.0,986.0,322.0,4801.0,161.0,111.0,826.0,160.0,189.0,666.0,135.0,64.0,138.0,143.0,45334.0,4479.0,112.0,206.0,105900.0
48,2002,Tasman/Nelson,17.0,32.0,167.0,127.0,77.0,36.0,47.0,32.0,224.0,188.0,162.0,2380.0,123.0,99.0,419.0,74.0,197.0,345.0,96.0,49.0,144.0,125.0,27742.0,2219.0,162.0,82.0,85800.0
49,2002,Total North Island,618.0,1868.0,5360.0,4097.0,3884.0,2640.0,5152.0,1130.0,5331.0,2691.0,6852.0,100906.0,4662.0,7894.0,15250.0,,6704.0,,7250.0,3981.0,5692.0,4714.0,33943.0,94054.0,4191.0,6274.0,2972800.0
50,2002,Total South Island,273.0,453.0,2688.0,1387.0,1323.0,647.0,754.0,500.0,1605.0,957.0,1888.0,27807.0,1509.0,1646.0,4301.0,,2002.0,,1176.0,812.0,1494.0,1416.0,29497.0,25919.0,1421.0,1158.0,942700.0
51,2002,Waikato,70.0,94.0,1681.0,522.0,519.0,502.0,242.0,127.0,997.0,495.0,772.0,11366.0,548.0,561.0,1691.0,478.0,735.0,1214.0,408.0,306.0,619.0,512.0,30637.0,10595.0,392.0,571.0,371000.0
52,2002,Wellington,112.0,424.0,218.0,611.0,627.0,530.0,1763.0,205.0,617.0,87.0,1274.0,18698.0,763.0,2387.0,2024.0,703.0,1097.0,1322.0,1998.0,1713.0,796.0,664.0,42198.0,17424.0,618.0,789.0,443100.0
53,2002,West Coast,14.0,10.0,127.0,42.0,28.0,,22.0,26.0,123.0,,56.0,830.0,45.0,28.0,78.0,15.0,52.0,63.0,16.0,28.0,28.0,41.0,26677.0,773.0,45.0,18.0,31100.0
54,2003,Auckland,267.0,1127.0,170.0,1950.0,1869.0,943.0,2993.0,510.0,1156.0,213.0,3488.0,49260.0,2133.0,4428.0,8004.0,3405.0,3434.0,4598.0,4223.0,1134.0,3433.0,2507.0,38566.0,45772.0,2273.0,4162.0,1277300.0
55,2003,Bay of Plenty,49.0,120.0,463.0,379.0,252.0,153.0,164.0,93.0,487.0,333.0,488.0,6893.0,400.0,283.0,1140.0,263.0,524.0,876.0,327.0,174.0,415.0,410.0,27245.0,6405.0,441.0,284.0,253000.0
56,2003,Canterbury,129.0,351.0,889.0,795.0,711.0,320.0,531.0,247.0,572.0,251.0,1119.0,15794.0,894.0,1120.0,2571.0,1168.0,1171.0,1403.0,796.0,472.0,912.0,868.0,30895.0,14675.0,830.0,817.0,511200.0
57,2003,Gisborne,6.0,14.0,117.0,66.0,57.0,17.0,14.0,12.0,118.0,101.0,77.0,1085.0,71.0,43.0,130.0,22.0,65.0,108.0,40.0,40.0,59.0,60.0,23740.0,1008.0,67.0,27.0,45700.0
58,2003,Hawke's Bay,21.0,68.0,472.0,203.0,146.0,61.0,83.0,41.0,209.0,148.0,312.0,4401.0,222.0,131.0,1143.0,172.0,273.0,971.0,188.0,123.0,211.0,220.0,29538.0,4090.0,192.0,143.0,149000.0
59,2003,Manawatu-Whanganui,36.0,80.0,492.0,328.0,401.0,222.0,143.0,69.0,355.0,132.0,414.0,5848.0,367.0,283.0,719.0,277.0,404.0,442.0,253.0,407.0,293.0,361.0,25604.0,5434.0,223.0,221.0,228400.0
60,2003,Marlborough,10.0,10.0,99.0,69.0,33.0,,23.0,20.0,127.0,,88.0,1249.0,50.0,42.0,282.0,47.0,98.0,235.0,27.0,51.0,70.0,63.0,30091.0,1160.0,65.0,22.0,41500.0
61,2003,New Zealand,851.0,2553.0,5750.0,6053.0,5553.0,3698.0,6430.0,1626.0,7337.0,3639.0,9574.0,135181.0,6586.0,10420.0,21023.0,7405.0,9221.0,13618.0,9095.0,5039.0,7856.0,6826.0,33883.0,125607.0,6129.0,7259.0,3989600.0
62,2003,Northland,25.0,32.0,334.0,180.0,147.0,52.0,72.0,47.0,247.0,195.0,235.0,3317.0,218.0,138.0,490.0,,294.0,,125.0,98.0,206.0,198.0,22566.0,3082.0,158.0,74.0,147000.0
63,2003,Otago,71.0,109.0,371.0,345.0,412.0,191.0,185.0,136.0,381.0,190.0,408.0,5755.0,346.0,370.0,747.0,237.0,442.0,510.0,232.0,157.0,311.0,325.0,29925.0,5347.0,267.0,141.0,
64,2003,Southland,20.0,25.0,469.0,155.0,91.0,173.0,70.0,39.0,299.0,126.0,220.0,3102.0,140.0,132.0,570.0,,160.0,,81.0,76.0,127.0,159.0,33032.0,2882.0,175.0,95.0,
65,2003,Taranaki,15.0,50.0,423.0,145.0,114.0,402.0,72.0,29.0,1401.0,999.0,328.0,4672.0,169.0,112.0,887.0,165.0,213.0,722.0,155.0,65.0,141.0,164.0,43953.0,4344.0,129.0,59.0,106300.0
66,2003,Tasman/Nelson,17.0,32.0,146.0,145.0,85.0,38.0,54.0,33.0,205.0,167.0,175.0,2475.0,131.0,107.0,408.0,76.0,217.0,333.0,110.0,54.0,168.0,140.0,28416.0,2300.0,174.0,73.0,87100.0
67,2003,Total North Island,589.0,2016.0,3698.0,4498.0,4192.0,2946.0,5546.0,1125.0,5644.0,2697.0,7507.0,106006.0,4975.0,8619.0,16357.0,,7081.0,,7830.0,4201.0,6237.0,5228.0,34958.0,98500.0,4567.0,6098.0,3032400.0
68,2003,Total South Island,262.0,537.0,2053.0,1555.0,1360.0,752.0,884.0,501.0,1693.0,941.0,2067.0,29175.0,1611.0,1801.0,4667.0,,2140.0,,1265.0,837.0,1619.0,1599.0,30476.0,27108.0,1562.0,1161.0,957300.0
69,2003,Waikato,66.0,105.0,1083.0,606.0,541.0,583.0,280.0,126.0,1061.0,478.0,776.0,10957.0,586.0,627.0,1566.0,428.0,760.0,1138.0,465.0,319.0,629.0,573.0,29103.0,10181.0,439.0,351.0,376500.0
70,2003,Wellington,103.0,419.0,144.0,641.0,665.0,513.0,1725.0,198.0,610.0,97.0,1389.0,19573.0,809.0,2574.0,2279.0,817.0,1113.0,1462.0,2054.0,1842.0,851.0,734.0,43572.0,18184.0,645.0,777.0,449200.0
71,2003,West Coast,14.0,11.0,79.0,46.0,28.0,,21.0,26.0,110.0,,57.0,801.0,50.0,31.0,88.0,16.0,51.0,71.0,20.0,28.0,32.0,45.0,25599.0,744.0,50.0,14.0,31300.0
72,2004,Auckland,304.0,1230.0,175.0,2235.0,2057.0,1163.0,3435.0,577.0,1324.0,160.0,3779.0,53178.0,2306.0,4804.0,8275.0,3661.0,3677.0,4615.0,4552.0,1213.0,3680.0,2626.0,40507.0,49398.0,2476.0,4453.0,1312800.0
73,2004,Bay of Plenty,57.0,136.0,521.0,408.0,277.0,222.0,187.0,109.0,509.0,286.0,521.0,7332.0,438.0,300.0,1069.0,288.0,569.0,781.0,361.0,187.0,478.0,437.0,28506.0,6810.0,462.0,307.0,257200.0
74,2004,Canterbury,147.0,359.0,903.0,918.0,765.0,390.0,624.0,278.0,637.0,247.0,1213.0,17064.0,1001.0,1186.0,2658.0,1216.0,1287.0,1441.0,881.0,510.0,1030.0,916.0,32739.0,15851.0,885.0,866.0,521200.0
75,2004,Gisborne,7.0,14.0,123.0,75.0,62.0,17.0,15.0,14.0,95.0,78.0,78.0,1098.0,75.0,46.0,118.0,21.0,68.0,97.0,38.0,44.0,67.0,65.0,23923.0,1020.0,65.0,28.0,45900.0
76,2004,Hawke's Bay,25.0,74.0,498.0,219.0,159.0,79.0,101.0,47.0,249.0,169.0,334.0,4702.0,236.0,147.0,1167.0,185.0,290.0,982.0,193.0,127.0,239.0,235.0,31346.0,4368.0,205.0,157.0,150000.0
77,2004,Manawatu-Whanganui,41.0,82.0,501.0,343.0,436.0,271.0,162.0,77.0,396.0,124.0,442.0,6224.0,406.0,305.0,736.0,290.0,407.0,446.0,283.0,421.0,329.0,381.0,27168.0,5782.0,236.0,241.0,229100.0
78,2004,Marlborough,12.0,11.0,132.0,79.0,36.0,,27.0,23.0,134.0,,98.0,1374.0,51.0,47.0,282.0,66.0,109.0,215.0,30.0,50.0,87.0,69.0,32558.0,1276.0,71.0,28.0,42200.0
79,2004,New Zealand,978.0,2733.0,6251.0,6806.0,6044.0,4210.0,7289.0,1854.0,7562.0,3352.0,10271.0,144502.0,7195.0,11070.0,21268.0,7890.0,9840.0,13378.0,9672.0,5310.0,8641.0,7202.0,35586.0,134231.0,6586.0,7932.0,4060600.0
80,2004,Northland,29.0,39.0,372.0,209.0,159.0,62.0,86.0,54.0,212.0,150.0,254.0,3570.0,247.0,145.0,491.0,,313.0,,121.0,100.0,241.0,214.0,23990.0,3316.0,184.0,99.0,148800.0
81,2004,Otago,83.0,125.0,365.0,384.0,437.0,241.0,192.0,158.0,417.0,177.0,439.0,6171.0,382.0,406.0,726.0,231.0,478.0,494.0,258.0,169.0,359.0,348.0,31679.0,5732.0,299.0,146.0,
82,2004,Southland,23.0,23.0,486.0,168.0,100.0,135.0,78.0,43.0,263.0,128.0,229.0,3223.0,158.0,143.0,574.0,,178.0,,87.0,73.0,142.0,165.0,34212.0,2994.0,190.0,102.0,
83,2004,Taranaki,18.0,52.0,498.0,165.0,128.0,320.0,79.0,35.0,1198.0,878.0,329.0,4656.0,173.0,123.0,807.0,174.0,214.0,633.0,178.0,70.0,158.0,173.0,43591.0,4327.0,138.0,120.0,106800.0
84,2004,Tasman/Nelson,20.0,38.0,200.0,162.0,88.0,42.0,63.0,39.0,216.0,174.0,190.0,2671.0,146.0,117.0,388.0,85.0,241.0,303.0,122.0,55.0,172.0,151.0,30212.0,2481.0,183.0,81.0,88400.0
85,2004,Total North Island,677.0,2164.0,4031.0,5042.0,4587.0,3366.0,6280.0,1284.0,5800.0,2434.0,8040.0,113119.0,5407.0,9137.0,16560.0,,7489.0,,8271.0,4429.0,6812.0,5505.0,36629.0,105079.0,4907.0,6694.0,3088200.0
86,2004,Total South Island,301.0,569.0,2220.0,1764.0,1457.0,845.0,1009.0,570.0,1762.0,918.0,2231.0,31383.0,1787.0,1932.0,4707.0,,2350.0,,1400.0,881.0,1828.0,1696.0,32277.0,29152.0,1678.0,1238.0,972300.0
87,2004,Waikato,77.0,111.0,1185.0,670.0,584.0,556.0,315.0,146.0,1041.0,485.0,845.0,11882.0,630.0,730.0,1639.0,504.0,810.0,1135.0,501.0,328.0,715.0,608.0,31089.0,11038.0,475.0,473.0,382200.0
88,2004,Wellington,119.0,426.0,158.0,718.0,726.0,674.0,1901.0,226.0,777.0,103.0,1457.0,20478.0,896.0,2538.0,2257.0,809.0,1142.0,1447.0,2045.0,1937.0,905.0,766.0,44967.0,19021.0,667.0,816.0,455400.0
89,2004,West Coast,16.0,13.0,134.0,53.0,32.0,,24.0,30.0,95.0,,63.0,881.0,49.0,35.0,81.0,16.0,58.0,65.0,21.0,25.0,38.0,48.0,27966.0,818.0,51.0,16.0,31500.0
90,2005,Auckland,338.0,1309.0,165.0,2540.0,2264.0,1328.0,3758.0,627.0,1492.0,165.0,4125.0,57355.0,2528.0,5056.0,8968.0,3933.0,3844.0,5036.0,4815.0,1363.0,4054.0,2669.0,42860.0,53230.0,2682.0,4756.0,1338200.0
91,2005,Bay of Plenty,66.0,165.0,500.0,485.0,303.0,283.0,200.0,122.0,580.0,297.0,565.0,7862.0,491.0,309.0,1105.0,309.0,626.0,796.0,383.0,201.0,524.0,449.0,30145.0,7297.0,494.0,296.0,260800.0
92,2005,Canterbury,163.0,367.0,933.0,1148.0,817.0,440.0,717.0,303.0,699.0,259.0,1343.0,18671.0,1118.0,1189.0,2863.0,1255.0,1421.0,1608.0,1026.0,561.0,1143.0,958.0,35268.0,17328.0,992.0,908.0,529400.0
93,2005,Gisborne,8.0,18.0,114.0,92.0,71.0,18.0,15.0,15.0,98.0,80.0,83.0,1156.0,79.0,48.0,117.0,20.0,74.0,98.0,41.0,45.0,76.0,67.0,25193.0,1073.0,66.0,29.0,45900.0
94,2005,Hawke's Bay,28.0,83.0,479.0,251.0,169.0,104.0,113.0,52.0,294.0,190.0,364.0,5055.0,256.0,162.0,1280.0,198.0,317.0,1083.0,202.0,138.0,246.0,245.0,33496.0,4690.0,213.0,163.0,150900.0
95,2005,Manawatu-Whanganui,45.0,98.0,560.0,378.0,475.0,256.0,166.0,84.0,390.0,133.0,476.0,6620.0,451.0,322.0,746.0,282.0,435.0,464.0,306.0,451.0,344.0,394.0,28885.0,6144.0,249.0,251.0,229200.0
96,2005,Marlborough,15.0,11.0,106.0,101.0,40.0,,32.0,27.0,144.0,,105.0,1455.0,55.0,49.0,288.0,81.0,125.0,206.0,35.0,50.0,93.0,74.0,34005.0,1351.0,76.0,31.0,42800.0
97,2005,New Zealand,1102.0,2944.0,6218.0,8010.0,6564.0,4361.0,7803.0,2046.0,7969.0,3608.0,11115.0,154559.0,7920.0,11433.0,22498.0,8176.0,10556.0,14322.0,10415.0,5769.0,9399.0,7395.0,37577.0,143444.0,7155.0,8248.0,4113100.0
98,2005,Northland,32.0,46.0,356.0,277.0,172.0,68.0,96.0,60.0,212.0,144.0,283.0,3942.0,272.0,157.0,611.0,,347.0,,127.0,101.0,285.0,221.0,26230.0,3659.0,193.0,93.0,150300.0
99,2005,Otago,97.0,138.0,371.0,453.0,470.0,244.0,199.0,180.0,428.0,185.0,480.0,6678.0,435.0,441.0,746.0,231.0,541.0,515.0,280.0,178.0,400.0,364.0,33901.0,6198.0,331.0,147.0,
100,2005,Southland,25.0,24.0,485.0,195.0,104.0,90.0,84.0,47.0,219.0,130.0,230.0,3202.0,185.0,146.0,510.0,,181.0,,98.0,71.0,140.0,167.0,34100.0,2972.0,199.0,93.0,
101,2005,Taranaki,21.0,49.0,478.0,205.0,137.0,182.0,81.0,40.0,1171.0,989.0,334.0,4690.0,177.0,130.0,779.0,166.0,228.0,613.0,192.0,74.0,169.0,173.0,43874.0,4356.0,150.0,100.0,106900.0
102,2005,Tasman/Nelson,24.0,44.0,187.0,222.0,94.0,46.0,71.0,45.0,213.0,167.0,206.0,2867.0,163.0,127.0,401.0,92.0,253.0,310.0,135.0,59.0,181.0,158.0,32071.0,2661.0,195.0,86.0,89400.0
103,2005,Total North Island,760.0,2346.0,4012.0,5830.0,5007.0,3502.0,6678.0,1410.0,6143.0,2641.0,8684.0,120756.0,5916.0,9444.0,17614.0,,7970.0,,8819.0,4829.0,7398.0,5624.0,38593.0,112073.0,5308.0,6966.0,3129000.0
104,2005,Total South Island,342.0,598.0,2207.0,2180.0,1558.0,860.0,1125.0,636.0,1826.0,967.0,2431.0,33803.0,2004.0,1989.0,4884.0,,2585.0,,1596.0,940.0,2001.0,1771.0,34345.0,31372.0,1847.0,1281.0,984200.0
105,2005,Waikato,88.0,128.0,1201.0,800.0,621.0,466.0,343.0,163.0,975.0,509.0,904.0,12570.0,682.0,741.0,1723.0,516.0,897.0,1206.0,599.0,350.0,763.0,622.0,32499.0,11666.0,497.0,473.0,386800.0
106,2005,Wellington,134.0,449.0,158.0,801.0,794.0,798.0,1904.0,249.0,930.0,133.0,1549.0,21505.0,981.0,2520.0,2284.0,796.0,1202.0,1488.0,2155.0,2105.0,937.0,784.0,46751.0,19957.0,763.0,805.0,460000.0
107,2005,West Coast,18.0,14.0,126.0,61.0,33.0,,23.0,33.0,124.0,,67.0,929.0,48.0,37.0,77.0,15.0,64.0,61.0,23.0,21.0,43.0,50.0,29308.0,862.0,54.0,15.0,31700.0
108,2006,Auckland,334.0,1411.0,147.0,2997.0,2416.0,1316.0,3892.0,669.0,1481.0,165.0,4352.0,60175.0,2755.0,5261.0,8842.0,3927.0,4014.0,4916.0,5287.0,1430.0,4367.0,2796.0,44201.0,55823.0,2888.0,4834.0,1361400.0
109,2006,Bay of Plenty,65.0,210.0,447.0,474.0,321.0,325.0,209.0,130.0,603.0,278.0,597.0,8261.0,563.0,333.0,1149.0,320.0,677.0,828.0,399.0,233.0,592.0,463.0,31303.0,7664.0,486.0,312.0,263900.0
110,2006,Canterbury,154.0,368.0,797.0,1176.0,870.0,486.0,727.0,309.0,793.0,307.0,1424.0,19697.0,1244.0,1268.0,2984.0,1259.0,1521.0,1725.0,1155.0,625.0,1311.0,1004.0,36686.0,18272.0,1053.0,912.0,536900.0
111,2006,Gisborne,8.0,17.0,123.0,91.0,70.0,12.0,18.0,17.0,85.0,72.0,85.0,1172.0,84.0,49.0,101.0,19.0,82.0,82.0,44.0,61.0,77.0,69.0,25528.0,1087.0,66.0,26.0,45900.0
112,2006,Hawke's Bay,28.0,91.0,407.0,277.0,180.0,109.0,118.0,56.0,277.0,168.0,376.0,5190.0,277.0,174.0,1290.0,192.0,350.0,1099.0,198.0,149.0,293.0,257.0,34212.0,4814.0,228.0,164.0,151700.0
113,2006,Manawatu-Whanganui,43.0,94.0,482.0,419.0,484.0,378.0,174.0,86.0,517.0,139.0,514.0,7103.0,484.0,329.0,866.0,330.0,471.0,536.0,331.0,496.0,386.0,414.0,30992.0,6590.0,257.0,258.0,229200.0
114,2006,Marlborough,13.0,13.0,101.0,105.0,41.0,,33.0,25.0,150.0,,112.0,1541.0,63.0,49.0,313.0,82.0,139.0,231.0,39.0,51.0,106.0,76.0,35587.0,1429.0,77.0,35.0,43300.0
115,2006,New Zealand,1072.0,3217.0,5344.0,8709.0,6909.0,4835.0,7941.0,2144.0,8652.0,3817.0,11785.0,162937.0,8733.0,11674.0,23667.0,8425.0,11260.0,15241.0,11353.0,6414.0,10403.0,7748.0,39162.0,151152.0,7512.0,8399.0,4160600.0
116,2006,Northland,33.0,51.0,276.0,259.0,182.0,76.0,99.0,65.0,241.0,164.0,309.0,4278.0,309.0,176.0,797.0,,390.0,,141.0,125.0,304.0,235.0,28162.0,3969.0,188.0,95.0,151900.0
117,2006,Otago,95.0,155.0,303.0,482.0,496.0,338.0,200.0,190.0,518.0,180.0,504.0,6968.0,456.0,438.0,743.0,231.0,570.0,512.0,300.0,210.0,437.0,383.0,35030.0,6463.0,336.0,152.0,
118,2006,Southland,24.0,26.0,428.0,210.0,103.0,80.0,88.0,48.0,214.0,135.0,247.0,3410.0,195.0,145.0,671.0,,184.0,,98.0,77.0,182.0,173.0,36466.0,3163.0,202.0,94.0,
119,2006,Taranaki,22.0,56.0,394.0,202.0,142.0,325.0,85.0,43.0,1354.0,1030.0,349.0,4867.0,193.0,134.0,723.0,186.0,258.0,537.0,190.0,88.0,189.0,180.0,45441.0,4518.0,162.0,104.0,107100.0
120,2006,Tasman/Nelson,23.0,52.0,183.0,178.0,97.0,41.0,73.0,47.0,199.0,158.0,207.0,2860.0,182.0,132.0,372.0,94.0,267.0,278.0,149.0,65.0,197.0,164.0,31813.0,2653.0,192.0,80.0,89900.0
121,2006,Total North Island,745.0,2590.0,3426.0,6489.0,5267.0,3844.0,6795.0,1491.0,6574.0,2730.0,9213.0,127383.0,6537.0,9603.0,18475.0,,8508.0,,9584.0,5362.0,8119.0,5897.0,40231.0,118170.0,5597.0,7111.0,3166300.0
122,2006,Total South Island,327.0,627.0,1918.0,2221.0,1642.0,991.0,1146.0,653.0,2078.0,1087.0,2572.0,35555.0,2196.0,2071.0,5192.0,,2752.0,,1768.0,1052.0,2284.0,1851.0,35755.0,32982.0,1915.0,1288.0,994400.0
123,2006,Waikato,86.0,185.0,1014.0,856.0,637.0,539.0,354.0,172.0,1123.0,583.0,976.0,13492.0,753.0,749.0,2130.0,556.0,981.0,1574.0,601.0,379.0,870.0,652.0,34497.0,12516.0,502.0,472.0,391100.0
124,2006,Wellington,126.0,476.0,135.0,914.0,836.0,763.0,1847.0,252.0,893.0,130.0,1655.0,22846.0,1118.0,2400.0,2576.0,846.0,1287.0,1730.0,2394.0,2400.0,1041.0,831.0,49226.0,21190.0,821.0,845.0,464100.0
125,2006,West Coast,17.0,13.0,107.0,69.0,34.0,,26.0,35.0,203.0,,78.0,1080.0,55.0,40.0,108.0,16.0,71.0,92.0,26.0,24.0,51.0,51.0,33856.0,1002.0,55.0,16.0,31900.0
126,2007,Auckland,257.0,1518.0,165.0,3174.0,2658.0,1084.0,4218.0,781.0,1265.0,181.0,4778.0,62162.0,3028.0,5321.0,8202.0,3759.0,4117.0,4444.0,5513.0,1605.0,4818.0,2997.0,44960.0,57384.0,2818.0,4928.0,1382600.0
127,2007,Bay of Plenty,81.0,293.0,503.0,638.0,370.0,286.0,195.0,118.0,647.0,360.0,700.0,9098.0,591.0,324.0,1171.0,296.0,754.0,874.0,440.0,252.0,648.0,522.0,34101.0,8399.0,507.0,345.0,266800.0
128,2007,Canterbury,181.0,396.0,934.0,1283.0,926.0,584.0,737.0,286.0,941.0,356.0,1614.0,20981.0,1302.0,1413.0,2939.0,1238.0,1613.0,1701.0,1310.0,655.0,1416.0,1061.0,38512.0,19368.0,1014.0,961.0,544800.0
129,2007,Gisborne,9.0,17.0,137.0,88.0,80.0,13.0,18.0,17.0,112.0,100.0,98.0,1268.0,88.0,56.0,111.0,22.0,84.0,89.0,57.0,52.0,75.0,81.0,27561.0,1170.0,64.0,24.0,46000.0
130,2007,Hawke's Bay,21.0,119.0,438.0,310.0,198.0,114.0,104.0,65.0,344.0,231.0,412.0,5358.0,324.0,163.0,1081.0,201.0,376.0,880.0,234.0,174.0,341.0,277.0,35114.0,4946.0,213.0,164.0,152600.0
131,2007,Manawatu-Whanganui,42.0,113.0,510.0,521.0,541.0,152.0,198.0,91.0,324.0,173.0,558.0,7253.0,492.0,312.0,739.0,280.0,505.0,459.0,357.0,506.0,391.0,444.0,31644.0,6695.0,307.0,302.0,229200.0
132,2007,Marlborough,22.0,17.0,176.0,123.0,41.0,,26.0,24.0,166.0,,132.0,1716.0,75.0,54.0,289.0,55.0,155.0,235.0,49.0,59.0,115.0,83.0,39278.0,1584.0,75.0,35.0,43700.0
133,2007,New Zealand,1161.0,3627.0,6182.0,9635.0,7532.0,4973.0,7950.0,2204.0,9415.0,4442.0,13226.0,172005.0,9383.0,11810.0,22894.0,8296.0,11926.0,14598.0,12397.0,7054.0,11344.0,8324.0,40885.0,158779.0,7317.0,8624.0,4207000.0
134,2007,Northland,49.0,74.0,336.0,310.0,203.0,94.0,89.0,61.0,270.0,177.0,362.0,4707.0,326.0,146.0,844.0,,423.0,,195.0,162.0,318.0,258.0,30602.0,4345.0,167.0,113.0,153800.0
135,2007,Otago,161.0,157.0,351.0,568.0,545.0,347.0,198.0,143.0,572.0,225.0,567.0,7374.0,454.0,449.0,680.0,239.0,608.0,441.0,376.0,211.0,481.0,402.0,36777.0,6807.0,288.0,164.0,
136,2007,Southland,35.0,27.0,508.0,188.0,118.0,214.0,84.0,41.0,361.0,147.0,281.0,3654.0,182.0,139.0,654.0,,202.0,,124.0,100.0,171.0,171.0,39202.0,3373.0,174.0,94.0,
137,2007,Taranaki,20.0,57.0,456.0,221.0,165.0,429.0,97.0,53.0,1707.0,1278.0,440.0,5727.0,222.0,152.0,853.0,206.0,277.0,648.0,214.0,92.0,222.0,190.0,53275.0,5287.0,180.0,107.0,107500.0
138,2007,Tasman/Nelson,26.0,64.0,186.0,196.0,93.0,68.0,61.0,43.0,226.0,158.0,239.0,3103.0,196.0,142.0,441.0,76.0,293.0,366.0,184.0,66.0,204.0,172.0,34282.0,2864.0,182.0,89.0,90500.0
139,2007,Total North Island,697.0,2951.0,3899.0,7190.0,5768.0,3696.0,6826.0,1649.0,6968.0,3272.0,10304.0,134013.0,7108.0,9567.0,17761.0,,8980.0,,10329.0,5929.0,8904.0,6381.0,41851.0,123709.0,5539.0,7261.0,3202100.0
140,2007,Total South Island,464.0,676.0,2282.0,2445.0,1765.0,1277.0,1124.0,555.0,2447.0,1170.0,2922.0,37992.0,2274.0,2243.0,5133.0,,2946.0,,2068.0,1125.0,2440.0,1943.0,37807.0,35070.0,1778.0,1363.0,1004900.0
141,2007,Waikato,100.0,235.0,1207.0,975.0,657.0,774.0,326.0,183.0,1444.0,670.0,1155.0,15024.0,795.0,875.0,2212.0,545.0,1075.0,1667.0,780.0,422.0,945.0,712.0,37988.0,13869.0,435.0,490.0,395500.0
142,2007,Wellington,119.0,525.0,146.0,952.0,896.0,750.0,1581.0,280.0,854.0,103.0,1801.0,23416.0,1243.0,2217.0,2548.0,994.0,1369.0,1553.0,2540.0,2664.0,1146.0,900.0,50023.0,21615.0,848.0,788.0,468100.0
143,2007,West Coast,39.0,14.0,128.0,87.0,42.0,,18.0,17.0,182.0,,90.0,1164.0,65.0,46.0,130.0,20.0,76.0,109.0,25.0,34.0,52.0,54.0,36160.0,1075.0,45.0,20.0,32200.0
144,2008,Auckland,283.0,1638.0,246.0,3418.0,2921.0,1227.0,4358.0,854.0,1411.0,184.0,5046.0,66789.0,3335.0,5587.0,8764.0,3972.0,4390.0,4792.0,6232.0,1804.0,4737.0,3003.0,47747.0,61743.0,3235.0,5527.0,1398800.0
145,2008,Bay of Plenty,88.0,330.0,718.0,676.0,396.0,291.0,194.0,130.0,670.0,379.0,745.0,9855.0,658.0,361.0,1252.0,330.0,803.0,922.0,502.0,282.0,634.0,522.0,36610.0,9110.0,543.0,353.0,269200.0
146,2008,Canterbury,172.0,466.0,1439.0,1475.0,973.0,589.0,749.0,319.0,924.0,336.0,1709.0,22611.0,1385.0,1484.0,2959.0,1281.0,1723.0,1678.0,1443.0,747.0,1350.0,1107.0,40998.0,20901.0,1152.0,1034.0,551500.0
147,2008,Gisborne,9.0,21.0,134.0,105.0,85.0,14.0,23.0,19.0,94.0,81.0,99.0,1310.0,95.0,60.0,122.0,22.0,90.0,99.0,62.0,55.0,68.0,76.0,28479.0,1211.0,66.0,26.0,46000.0
148,2008,Hawke's Bay,22.0,101.0,410.0,336.0,213.0,120.0,101.0,72.0,353.0,232.0,397.0,5251.0,356.0,194.0,805.0,191.0,399.0,613.0,264.0,195.0,335.0,287.0,34253.0,4854.0,223.0,187.0,153300.0
149,2008,Manawatu-Whanganui,39.0,121.0,683.0,560.0,533.0,194.0,182.0,96.0,348.0,154.0,592.0,7837.0,534.0,321.0,781.0,287.0,538.0,494.0,372.0,592.0,405.0,490.0,34254.0,7245.0,326.0,325.0,228800.0
150,2008,Marlborough,22.0,18.0,192.0,135.0,62.0,,31.0,25.0,202.0,,147.0,1949.0,88.0,61.0,333.0,61.0,164.0,272.0,54.0,79.0,128.0,87.0,44294.0,1802.0,82.0,39.0,44000.0
151,2008,New Zealand,1231.0,3903.0,8969.0,10702.0,8059.0,5374.0,8149.0,2418.0,11523.0,6149.0,14109.0,186672.0,10319.0,12610.0,23010.0,8751.0,12796.0,14259.0,13721.0,7697.0,11354.0,8446.0,43982.0,172564.0,8014.0,9642.0,4244300.0
152,2008,Northland,56.0,71.0,512.0,352.0,212.0,107.0,95.0,63.0,269.0,162.0,378.0,4996.0,353.0,150.0,728.0,,460.0,,226.0,171.0,339.0,268.0,32111.0,4619.0,176.0,119.0,155600.0
153,2008,Otago,177.0,155.0,489.0,625.0,599.0,378.0,215.0,157.0,594.0,216.0,599.0,7920.0,514.0,437.0,710.0,258.0,646.0,452.0,415.0,220.0,474.0,409.0,39268.0,7322.0,301.0,184.0,
154,2008,Southland,42.0,28.0,810.0,217.0,123.0,231.0,90.0,43.0,370.0,139.0,317.0,4189.0,193.0,151.0,714.0,,217.0,,134.0,107.0,170.0,176.0,44903.0,3873.0,184.0,104.0,
155,2008,Taranaki,22.0,73.0,775.0,268.0,158.0,487.0,88.0,60.0,3589.0,3102.0,626.0,8275.0,252.0,162.0,810.0,243.0,303.0,567.0,230.0,99.0,233.0,197.0,76617.0,7649.0,205.0,128.0,108000.0
156,2008,Tasman/Nelson,21.0,71.0,202.0,223.0,97.0,72.0,66.0,55.0,225.0,152.0,249.0,3296.0,227.0,152.0,449.0,89.0,317.0,360.0,185.0,71.0,215.0,179.0,36065.0,3047.0,196.0,97.0,91400.0
157,2008,Total North Island,755.0,3150.0,5618.0,7926.0,6156.0,4034.0,6976.0,1801.0,8999.0,4965.0,10984.0,145344.0,7839.0,10277.0,17715.0,,9644.0,,11460.0,6437.0,8960.0,6433.0,44995.0,134359.0,6052.0,8161.0,3230200.0
158,2008,Total South Island,475.0,754.0,3351.0,2776.0,1903.0,1340.0,1173.0,618.0,2524.0,1185.0,3124.0,41329.0,2480.0,2334.0,5295.0,,3152.0,,2261.0,1260.0,2394.0,2013.0,40746.0,38204.0,1961.0,1481.0,1014300.0
159,2008,Waikato,100.0,228.0,1951.0,1116.0,700.0,872.0,340.0,200.0,1439.0,567.0,1203.0,15911.0,895.0,913.0,1779.0,616.0,1160.0,1163.0,777.0,452.0,953.0,700.0,39807.0,14708.0,420.0,585.0,399700.0
160,2008,Wellington,138.0,566.0,189.0,1095.0,939.0,723.0,1595.0,306.0,827.0,105.0,1899.0,25119.0,1361.0,2528.0,2675.0,914.0,1500.0,1761.0,2795.0,2787.0,1257.0,890.0,53354.0,23220.0,858.0,913.0,470800.0
161,2008,West Coast,41.0,14.0,221.0,101.0,49.0,,22.0,19.0,209.0,,103.0,1363.0,73.0,49.0,129.0,24.0,85.0,106.0,29.0,36.0,57.0,56.0,42063.0,1260.0,47.0,24.0,32400.0
162,2009,Auckland,254.0,1542.0,178.0,3243.0,3140.0,1257.0,4840.0,820.0,1429.0,172.0,4891.0,65989.0,3663.0,5343.0,7875.0,3604.0,4434.0,4271.0,6727.0,1969.0,4901.0,2889.0,46681.0,61098.0,2701.0,5149.0,1413600.0
163,2009,Bay of Plenty,78.0,303.0,535.0,641.0,422.0,399.0,229.0,113.0,759.0,360.0,724.0,9763.0,713.0,350.0,1175.0,307.0,806.0,867.0,543.0,290.0,687.0,501.0,35971.0,9039.0,501.0,395.0,271400.0
164,2009,Canterbury,210.0,470.0,1190.0,1418.0,1086.0,713.0,853.0,306.0,1090.0,377.0,1731.0,23342.0,1557.0,1402.0,3186.0,1266.0,1719.0,1919.0,1586.0,782.0,1490.0,1060.0,41846.0,21611.0,1055.0,1153.0,557800.0
165,2009,Gisborne,8.0,25.0,138.0,102.0,84.0,18.0,26.0,18.0,118.0,100.0,103.0,1388.0,102.0,72.0,127.0,24.0,91.0,104.0,72.0,61.0,81.0,68.0,30052.0,1285.0,60.0,32.0,46200.0
166,2009,Hawke's Bay,21.0,96.0,479.0,323.0,231.0,134.0,142.0,66.0,339.0,205.0,405.0,5467.0,385.0,203.0,814.0,226.0,404.0,587.0,295.0,211.0,370.0,275.0,35499.0,5061.0,225.0,182.0,154000.0
167,2009,Manawatu-Whanganui,39.0,116.0,563.0,515.0,575.0,178.0,186.0,93.0,343.0,165.0,574.0,7739.0,569.0,323.0,812.0,263.0,535.0,549.0,367.0,665.0,465.0,443.0,33796.0,7165.0,278.0,279.0,229000.0
168,2009,Marlborough,20.0,22.0,222.0,135.0,47.0,,40.0,24.0,196.0,,148.0,1999.0,90.0,57.0,337.0,63.0,177.0,274.0,60.0,83.0,133.0,89.0,45122.0,1851.0,80.0,40.0,44300.0
169,2009,New Zealand,1213.0,3768.0,7134.0,10406.0,8698.0,5872.0,9083.0,2292.0,12470.0,6598.0,14043.0,189406.0,11259.0,12123.0,23508.0,8023.0,12917.0,15485.0,14815.0,8428.0,12185.0,8192.0,44242.0,175363.0,7419.0,9453.0,4281100.0
170,2009,Northland,45.0,65.0,368.0,336.0,235.0,116.0,109.0,57.0,284.0,168.0,379.0,5113.0,371.0,166.0,863.0,,469.0,,231.0,185.0,389.0,255.0,32504.0,4734.0,184.0,124.0,157300.0
171,2009,Otago,190.0,163.0,414.0,630.0,634.0,383.0,256.0,145.0,691.0,308.0,607.0,8184.0,512.0,438.0,700.0,227.0,651.0,474.0,449.0,242.0,521.0,412.0,40374.0,7577.0,319.0,209.0,
172,2009,Southland,34.0,31.0,672.0,232.0,130.0,265.0,107.0,44.0,419.0,154.0,330.0,4453.0,225.0,149.0,903.0,,223.0,,144.0,118.0,197.0,179.0,47574.0,4123.0,191.0,126.0,
173,2009,Taranaki,21.0,93.0,529.0,378.0,155.0,439.0,104.0,57.0,3567.0,3127.0,635.0,8559.0,268.0,156.0,1144.0,276.0,315.0,868.0,253.0,105.0,236.0,201.0,78664.0,7924.0,210.0,134.0,108800.0
174,2009,Tasman/Nelson,27.0,72.0,173.0,229.0,128.0,77.0,75.0,48.0,222.0,145.0,254.0,3419.0,247.0,156.0,424.0,85.0,327.0,339.0,223.0,71.0,247.0,187.0,37085.0,3166.0,207.0,102.0,92200.0
175,2009,Total North Island,693.0,2995.0,4322.0,7653.0,6626.0,4359.0,7728.0,1708.0,9510.0,5151.0,10862.0,146510.0,8546.0,9874.0,17798.0,,9728.0,,12317.0,7093.0,9528.0,6206.0,44968.0,135648.0,5517.0,7803.0,3258100.0
176,2009,Total South Island,520.0,773.0,2811.0,2752.0,2072.0,1512.0,1355.0,584.0,2960.0,1447.0,3181.0,42896.0,2713.0,2249.0,5710.0,,3189.0,,2497.0,1336.0,2657.0,1986.0,41928.0,39715.0,1902.0,1651.0,1023100.0
177,2009,Waikato,97.0,213.0,1360.0,1024.0,761.0,901.0,390.0,190.0,1672.0,771.0,1244.0,16769.0,977.0,883.0,2647.0,555.0,1173.0,2092.0,848.0,522.0,1013.0,701.0,41497.0,15526.0,460.0,595.0,404100.0
178,2009,Wellington,130.0,543.0,172.0,1091.0,1024.0,918.0,1704.0,294.0,1001.0,83.0,1908.0,25724.0,1499.0,2378.0,2340.0,601.0,1501.0,1739.0,2983.0,3086.0,1386.0,874.0,54303.0,23816.0,899.0,913.0,473700.0
179,2009,West Coast,39.0,16.0,140.0,108.0,46.0,,24.0,16.0,342.0,,111.0,1500.0,82.0,47.0,160.0,23.0,93.0,136.0,36.0,39.0,70.0,60.0,46141.0,1388.0,51.0,21.0,32500.0
180,2010,Auckland,266.0,1483.0,201.0,3268.0,3353.0,1000.0,5734.0,905.0,1167.0,168.0,4990.0,68372.0,3835.0,5317.0,8312.0,3757.0,4128.0,4555.0,6504.0,2080.0,5418.0,2968.0,47749.0,63382.0,3046.0,5397.0,1431900.0
181,2010,Bay of Plenty,85.0,369.0,628.0,632.0,450.0,419.0,289.0,125.0,836.0,417.0,741.0,10150.0,780.0,376.0,1051.0,313.0,765.0,738.0,563.0,294.0,733.0,483.0,36991.0,9409.0,488.0,463.0,274400.0
182,2010,Canterbury,203.0,375.0,1585.0,1394.0,1169.0,734.0,975.0,341.0,1101.0,367.0,1751.0,23980.0,1650.0,1342.0,3035.0,1340.0,1602.0,1695.0,1649.0,838.0,1689.0,1055.0,42420.0,22229.0,1032.0,1194.0,565300.0
183,2010,Gisborne,7.0,25.0,137.0,102.0,86.0,18.0,31.0,20.0,136.0,118.0,104.0,1428.0,114.0,73.0,117.0,23.0,87.0,94.0,66.0,60.0,93.0,69.0,30714.0,1324.0,73.0,28.0,46500.0
184,2010,Hawke's Bay,25.0,108.0,485.0,335.0,244.0,128.0,163.0,72.0,325.0,197.0,406.0,5556.0,410.0,201.0,824.0,200.0,375.0,624.0,284.0,209.0,404.0,273.0,35729.0,5150.0,232.0,182.0,155500.0
185,2010,Manawatu-Whanganui,43.0,107.0,683.0,523.0,588.0,231.0,234.0,102.0,419.0,188.0,594.0,8138.0,595.0,340.0,738.0,256.0,498.0,481.0,383.0,719.0,516.0,456.0,35368.0,7544.0,277.0,323.0,230100.0
186,2010,Marlborough,24.0,20.0,188.0,125.0,46.0,,60.0,29.0,193.0,,141.0,1935.0,101.0,57.0,277.0,56.0,162.0,221.0,61.0,82.0,152.0,90.0,43481.0,1794.0,85.0,41.0,44500.0
187,2010,New Zealand,1226.0,3633.0,8654.0,10464.0,9204.0,6069.0,11119.0,2563.0,12720.0,6651.0,14187.0,194306.0,11958.0,12490.0,20926.0,7925.0,12192.0,13001.0,14735.0,8732.0,13413.0,8292.0,44870.0,180119.0,7929.0,9869.0,4330400.0
188,2010,Northland,47.0,85.0,414.0,322.0,247.0,111.0,144.0,63.0,308.0,196.0,358.0,4901.0,393.0,183.0,519.0,,433.0,,209.0,173.0,426.0,262.0,30706.0,4543.0,191.0,124.0,159600.0
189,2010,Otago,177.0,155.0,511.0,633.0,655.0,406.0,275.0,168.0,803.0,397.0,622.0,8515.0,559.0,475.0,607.0,194.0,618.0,413.0,450.0,236.0,575.0,420.0,41722.0,7894.0,370.0,207.0,
190,2010,Southland,34.0,29.0,894.0,252.0,138.0,268.0,127.0,51.0,431.0,163.0,328.0,4497.0,249.0,197.0,568.0,,215.0,,148.0,123.0,218.0,182.0,47633.0,4168.0,197.0,113.0,
191,2010,Taranaki,20.0,86.0,668.0,316.0,170.0,491.0,144.0,65.0,3589.0,3098.0,604.0,8269.0,288.0,165.0,682.0,285.0,300.0,397.0,246.0,109.0,275.0,200.0,75106.0,7665.0,201.0,139.0,110100.0
192,2010,Tasman/Nelson,29.0,74.0,183.0,239.0,137.0,68.0,89.0,58.0,224.0,156.0,260.0,3556.0,271.0,159.0,449.0,100.0,316.0,350.0,234.0,73.0,281.0,191.0,38070.0,3296.0,189.0,100.0,93400.0
193,2010,Total North Island,716.0,2963.0,5108.0,7694.0,7013.0,4520.0,9552.0,1897.0,9751.0,5231.0,10978.0,150366.0,9039.0,10211.0,15849.0,,9188.0,,12158.0,7340.0,10420.0,6294.0,45622.0,139388.0,6001.0,8195.0,3295900.0
194,2010,Total South Island,510.0,671.0,3547.0,2771.0,2190.0,1549.0,1567.0,666.0,2970.0,1421.0,3209.0,43940.0,2918.0,2279.0,5077.0,,3004.0,,2577.0,1392.0,2993.0,1998.0,42475.0,40731.0,1928.0,1674.0,1034500.0
195,2010,Waikato,96.0,211.0,1696.0,1042.0,813.0,904.0,477.0,214.0,1665.0,761.0,1202.0,16460.0,1034.0,818.0,1656.0,566.0,1122.0,1090.0,925.0,562.0,1145.0,708.0,40157.0,15258.0,474.0,601.0,409900.0
196,2010,Wellington,128.0,490.0,195.0,1154.0,1063.0,1218.0,2337.0,331.0,1306.0,88.0,1978.0,27091.0,1591.0,2738.0,1951.0,474.0,1480.0,1476.0,2978.0,3134.0,1408.0,874.0,56688.0,25113.0,1020.0,937.0,477900.0
197,2010,West Coast,43.0,18.0,185.0,127.0,45.0,,41.0,19.0,217.0,,106.0,1457.0,89.0,50.0,141.0,20.0,91.0,121.0,34.0,39.0,78.0,60.0,44430.0,1351.0,54.0,19.0,32800.0
198,2011,Auckland,278.0,1593.0,246.0,3296.0,3542.0,1038.0,5315.0,963.0,1217.0,180.0,5590.0,71350.0,4031.0,5515.0,8410.0,3802.0,4590.0,4608.0,6924.0,2215.0,5501.0,3044.0,49173.0,65759.0,3395.0,5685.0,1451000.0
199,2011,Bay of Plenty,101.0,392.0,745.0,607.0,470.0,463.0,261.0,136.0,951.0,488.0,846.0,10794.0,790.0,385.0,1207.0,320.0,842.0,887.0,574.0,313.0,751.0,497.0,38938.0,9947.0,615.0,309.0,277200.0
200,2011,Canterbury,202.0,442.0,1865.0,1467.0,1181.0,788.0,865.0,338.0,1176.0,388.0,1975.0,25194.0,1676.0,1321.0,3155.0,1368.0,1786.0,1787.0,1759.0,787.0,1754.0,1102.0,44623.0,23219.0,1178.0,1167.0,564600.0
201,2011,Gisborne,9.0,30.0,162.0,100.0,91.0,47.0,22.0,24.0,197.0,151.0,119.0,1513.0,111.0,59.0,108.0,23.0,97.0,84.0,69.0,60.0,97.0,74.0,32319.0,1394.0,58.0,28.0,46800.0
202,2011,Hawke's Bay,26.0,121.0,583.0,323.0,255.0,133.0,160.0,70.0,356.0,223.0,463.0,5910.0,453.0,197.0,838.0,211.0,418.0,628.0,294.0,202.0,433.0,283.0,37643.0,5447.0,242.0,194.0,157000.0
203,2011,Manawatu-Whanganui,37.0,114.0,889.0,507.0,600.0,212.0,211.0,101.0,389.0,177.0,671.0,8558.0,623.0,383.0,776.0,278.0,547.0,498.0,392.0,690.0,524.0,455.0,37034.0,7888.0,290.0,361.0,231100.0
204,2011,Marlborough,21.0,27.0,166.0,113.0,46.0,,46.0,26.0,219.0,,154.0,1967.0,103.0,59.0,303.0,59.0,168.0,244.0,61.0,81.0,152.0,87.0,44007.0,1813.0,90.0,43.0,44700.0
205,2011,New Zealand,1248.0,3959.0,10643.0,10470.0,9595.0,6353.0,9975.0,2609.0,13291.0,6938.0,15938.0,203342.0,12337.0,12421.0,22051.0,8191.0,13484.0,13860.0,15529.0,8835.0,13648.0,8469.0,46514.0,187404.0,8758.0,10081.0,4371600.0
206,2011,Northland,44.0,80.0,538.0,297.0,249.0,141.0,128.0,64.0,356.0,215.0,412.0,5254.0,424.0,190.0,626.0,,471.0,,203.0,180.0,411.0,255.0,32490.0,4842.0,206.0,119.0,161700.0
207,2011,Otago,184.0,157.0,663.0,620.0,695.0,418.0,227.0,169.0,808.0,389.0,695.0,8866.0,587.0,467.0,595.0,196.0,690.0,399.0,462.0,255.0,584.0,423.0,43081.0,8171.0,384.0,202.0,
208,2011,Southland,41.0,34.0,1107.0,255.0,125.0,294.0,93.0,50.0,470.0,176.0,383.0,4880.0,228.0,195.0,627.0,,240.0,,154.0,130.0,224.0,188.0,51210.0,4498.0,220.0,116.0,
209,2011,Taranaki,19.0,112.0,853.0,303.0,172.0,480.0,116.0,61.0,3604.0,3124.0,679.0,8656.0,302.0,175.0,787.0,260.0,322.0,527.0,249.0,108.0,270.0,203.0,77700.0,7977.0,188.0,134.0,111400.0
210,2011,Tasman/Nelson,27.0,75.0,192.0,239.0,142.0,90.0,81.0,54.0,244.0,153.0,293.0,3739.0,266.0,156.0,498.0,100.0,348.0,398.0,245.0,74.0,293.0,194.0,39358.0,3446.0,208.0,111.0,95000.0
211,2011,Total North Island,724.0,3208.0,6428.0,7645.0,7361.0,4686.0,8640.0,1952.0,10150.0,5464.0,12316.0,157147.0,9386.0,10171.0,16737.0,,10151.0,,12811.0,7466.0,10552.0,6412.0,47146.0,144830.0,6618.0,8419.0,3333200.0
212,2011,Total South Island,524.0,750.0,4215.0,2826.0,2234.0,1667.0,1335.0,657.0,3141.0,1474.0,3621.0,46195.0,2951.0,2251.0,5315.0,,3333.0,,2718.0,1369.0,3096.0,2057.0,44487.0,42574.0,2140.0,1663.0,1038400.0
213,2011,Waikato,99.0,209.0,2186.0,1041.0,863.0,948.0,418.0,204.0,1773.0,824.0,1367.0,17442.0,1038.0,755.0,1826.0,607.0,1221.0,1218.0,941.0,551.0,1160.0,714.0,42010.0,16075.0,497.0,581.0,415200.0
214,2011,Wellington,112.0,557.0,225.0,1171.0,1118.0,1225.0,2010.0,331.0,1308.0,83.0,2169.0,27671.0,1616.0,2512.0,2159.0,607.0,1643.0,1553.0,3166.0,3146.0,1404.0,886.0,57432.0,25501.0,1127.0,1008.0,481800.0
215,2011,West Coast,49.0,16.0,221.0,132.0,45.0,,24.0,20.0,225.0,,121.0,1549.0,90.0,52.0,136.0,22.0,100.0,114.0,38.0,42.0,89.0,62.0,46929.0,1427.0,60.0,25.0,33000.0
216,2012,Auckland,316.0,1676.0,232.0,3314.0,3754.0,1067.0,5777.0,984.0,1239.0,172.0,6298.0,75277.0,4145.0,5798.0,8557.0,3605.0,4945.0,4952.0,7130.0,2298.0,6021.0,3179.0,51247.0,68978.0,3796.0,5819.0,1468900.0
217,2012,Bay of Plenty,88.0,414.0,738.0,621.0,477.0,550.0,309.0,137.0,1017.0,467.0,942.0,11264.0,820.0,384.0,1256.0,322.0,881.0,933.0,564.0,320.0,792.0,525.0,40430.0,10321.0,601.0,378.0,278600.0
218,2012,Canterbury,199.0,467.0,1939.0,1835.0,1182.0,709.0,796.0,341.0,1157.0,448.0,2220.0,26537.0,1721.0,1323.0,3250.0,1367.0,1910.0,1883.0,1820.0,850.0,1896.0,1191.0,47514.0,24316.0,1233.0,1207.0,558500.0
219,2012,Gisborne,8.0,29.0,186.0,98.0,91.0,50.0,24.0,20.0,189.0,138.0,131.0,1562.0,112.0,54.0,114.0,20.0,103.0,94.0,74.0,57.0,105.0,76.0,33241.0,1432.0,58.0,34.0,47000.0
220,2012,Hawke's Bay,26.0,133.0,644.0,318.0,272.0,138.0,149.0,73.0,352.0,213.0,509.0,6084.0,432.0,190.0,843.0,230.0,451.0,613.0,282.0,201.0,461.0,291.0,38629.0,5575.0,256.0,202.0,157500.0
221,2012,Manawatu-Whanganui,46.0,113.0,899.0,514.0,609.0,247.0,222.0,107.0,423.0,176.0,730.0,8728.0,620.0,339.0,761.0,276.0,587.0,484.0,389.0,651.0,574.0,472.0,37717.0,7997.0,289.0,383.0,231400.0
222,2012,Marlborough,15.0,25.0,203.0,100.0,48.0,,45.0,26.0,213.0,,175.0,2094.0,96.0,61.0,375.0,56.0,176.0,319.0,62.0,77.0,168.0,94.0,46845.0,1919.0,92.0,44.0,44700.0
223,2012,New Zealand,1245.0,4172.0,10622.0,10804.0,9985.0,6600.0,10625.0,2696.0,13371.0,6772.0,17825.0,213028.0,12665.0,12960.0,23315.0,8017.0,14344.0,15298.0,15869.0,9041.0,14757.0,8878.0,48432.0,195203.0,9331.0,10526.0,4398500.0
224,2012,Northland,40.0,78.0,505.0,284.0,263.0,152.0,129.0,65.0,374.0,223.0,449.0,5371.0,440.0,192.0,637.0,,507.0,,203.0,180.0,416.0,266.0,32931.0,4922.0,206.0,138.0,163100.0
225,2012,Otago,164.0,152.0,716.0,589.0,708.0,441.0,229.0,177.0,853.0,412.0,767.0,9169.0,611.0,457.0,602.0,193.0,735.0,409.0,468.0,274.0,633.0,447.0,44273.0,8402.0,367.0,220.0,
226,2012,Southland,38.0,40.0,1097.0,250.0,148.0,235.0,116.0,53.0,432.0,198.0,420.0,5019.0,229.0,195.0,697.0,,251.0,,148.0,104.0,244.0,195.0,52388.0,4599.0,225.0,137.0,
227,2012,Taranaki,28.0,136.0,789.0,314.0,183.0,507.0,128.0,62.0,3357.0,2851.0,721.0,8617.0,296.0,180.0,867.0,294.0,349.0,573.0,262.0,105.0,301.0,214.0,76733.0,7896.0,201.0,124.0,112300.0
228,2012,Tasman/Nelson,24.0,84.0,195.0,223.0,152.0,71.0,99.0,48.0,219.0,147.0,320.0,3823.0,272.0,147.0,518.0,96.0,368.0,423.0,230.0,79.0,302.0,197.0,39699.0,3503.0,225.0,121.0,96300.0
229,2012,Total North Island,766.0,3384.0,6262.0,7667.0,7700.0,5066.0,9320.0,2032.0,10214.0,5148.0,13783.0,164731.0,9649.0,10721.0,17730.0,,10793.0,,13100.0,7616.0,11420.0,6685.0,48985.0,150947.0,7126.0,8762.0,3362900.0
230,2012,Total South Island,478.0,788.0,4360.0,3137.0,2284.0,1534.0,1305.0,664.0,3157.0,1624.0,4041.0,48297.0,3016.0,2239.0,5585.0,,3551.0,,2770.0,1425.0,3337.0,2193.0,46641.0,44256.0,2205.0,1763.0,1035500.0
231,2012,Waikato,89.0,200.0,2036.0,1034.0,899.0,1109.0,450.0,220.0,1919.0,811.0,1562.0,18664.0,1135.0,810.0,2306.0,654.0,1273.0,1652.0,954.0,567.0,1284.0,756.0,44479.0,17102.0,510.0,659.0,419600.0
232,2012,Wellington,125.0,605.0,233.0,1170.0,1153.0,1246.0,2132.0,364.0,1344.0,98.0,2440.0,29165.0,1649.0,2775.0,2390.0,498.0,1698.0,1892.0,3243.0,3237.0,1466.0,905.0,60195.0,26724.0,1210.0,1026.0,484500.0
233,2012,West Coast,38.0,21.0,211.0,140.0,46.0,,20.0,19.0,284.0,,139.0,1656.0,87.0,56.0,142.0,27.0,111.0,116.0,42.0,42.0,94.0,69.0,50030.0,1517.0,63.0,34.0,33100.0
234,2013,Auckland,318.0,1717.0,217.0,3466.0,3689.0,1148.0,5740.0,1083.0,1350.0,202.0,6591.0,77942.0,4274.0,6117.0,8772.0,3628.0,5328.0,5144.0,7420.0,2366.0,6180.0,3493.0,52486.0,71351.0,3945.0,5877.0,1485000.0
235,2013,Bay of Plenty,94.0,367.0,681.0,617.0,506.0,562.0,349.0,145.0,1067.0,505.0,969.0,11459.0,848.0,402.0,1203.0,338.0,922.0,865.0,605.0,323.0,804.0,551.0,41029.0,10490.0,623.0,383.0,279300.0
236,2013,Canterbury,191.0,481.0,1698.0,2300.0,1191.0,839.0,872.0,373.0,1234.0,395.0,2344.0,27715.0,1767.0,1346.0,3244.0,1369.0,2109.0,1875.0,1983.0,846.0,1942.0,1296.0,49482.0,25371.0,1329.0,1167.0,560100.0
237,2013,Gisborne,7.0,28.0,157.0,97.0,92.0,52.0,26.0,21.0,184.0,132.0,132.0,1559.0,120.0,57.0,131.0,19.0,106.0,111.0,69.0,51.0,106.0,82.0,33177.0,1427.0,61.0,32.0,47000.0
238,2013,Hawke's Bay,27.0,137.0,533.0,321.0,281.0,160.0,142.0,73.0,403.0,243.0,529.0,6260.0,445.0,216.0,917.0,233.0,470.0,683.0,309.0,207.0,450.0,292.0,39694.0,5730.0,262.0,245.0,157700.0
239,2013,Manawatu-Whanganui,34.0,109.0,747.0,488.0,619.0,294.0,239.0,106.0,464.0,171.0,739.0,8738.0,640.0,349.0,759.0,274.0,613.0,486.0,401.0,657.0,594.0,482.0,37779.0,7999.0,304.0,391.0,231300.0
240,2013,Marlborough,16.0,29.0,186.0,108.0,51.0,,50.0,29.0,215.0,,185.0,2186.0,98.0,63.0,436.0,59.0,182.0,377.0,63.0,79.0,171.0,96.0,49005.0,2001.0,89.0,41.0,44600.0
241,2013,New Zealand,1270.0,4165.0,9130.0,11541.0,10154.0,7154.0,10921.0,2855.0,13764.0,6610.0,18394.0,217493.0,13133.0,13188.0,23071.0,7938.0,15260.0,15133.0,16555.0,9147.0,15134.0,9489.0,49144.0,199099.0,9790.0,10530.0,4425600.0
242,2013,Northland,37.0,89.0,432.0,298.0,271.0,170.0,129.0,64.0,386.0,216.0,453.0,5352.0,466.0,183.0,564.0,,537.0,,190.0,204.0,427.0,280.0,32615.0,4899.0,221.0,120.0,164100.0
243,2013,Otago,194.0,141.0,551.0,658.0,722.0,466.0,245.0,188.0,855.0,389.0,788.0,9313.0,642.0,471.0,629.0,201.0,783.0,428.0,463.0,259.0,636.0,471.0,44754.0,8526.0,409.0,209.0,
244,2013,Southland,47.0,35.0,906.0,267.0,160.0,282.0,106.0,55.0,449.0,167.0,409.0,4842.0,228.0,189.0,654.0,,254.0,,155.0,102.0,267.0,204.0,50485.0,4432.0,232.0,123.0,
245,2013,Taranaki,22.0,122.0,666.0,308.0,195.0,548.0,143.0,56.0,3339.0,2791.0,736.0,8703.0,311.0,174.0,949.0,300.0,359.0,648.0,278.0,105.0,348.0,221.0,76884.0,7967.0,225.0,148.0,113200.0
246,2013,Tasman/Nelson,24.0,90.0,186.0,248.0,161.0,82.0,105.0,55.0,230.0,148.0,331.0,3912.0,286.0,151.0,481.0,88.0,381.0,393.0,236.0,81.0,312.0,211.0,40291.0,3581.0,225.0,117.0,97100.0
247,2013,Total North Island,753.0,3368.0,5429.0,7824.0,7820.0,5400.0,9523.0,2135.0,10545.0,5145.0,14203.0,167942.0,10021.0,10910.0,17478.0,,11434.0,,13616.0,7745.0,11712.0,7142.0,49590.0,153739.0,7441.0,8843.0,3386600.0
248,2013,Total South Island,517.0,798.0,3701.0,3717.0,2334.0,1754.0,1398.0,720.0,3219.0,1465.0,4191.0,49550.0,3111.0,2278.0,5593.0,,3826.0,,2940.0,1402.0,3422.0,2348.0,47700.0,45360.0,2349.0,1686.0,1038800.0
249,2013,Waikato,84.0,231.0,1792.0,1039.0,954.0,1114.0,466.0,224.0,1910.0,796.0,1545.0,18271.0,1178.0,800.0,1903.0,669.0,1318.0,1234.0,996.0,595.0,1294.0,788.0,43183.0,16725.0,503.0,650.0,423100.0
250,2013,Wellington,129.0,567.0,203.0,1189.0,1213.0,1351.0,2288.0,363.0,1441.0,90.0,2508.0,29658.0,1739.0,2612.0,2282.0,442.0,1781.0,1839.0,3348.0,3238.0,1508.0,953.0,61037.0,27149.0,1296.0,998.0,485900.0
251,2013,West Coast,46.0,22.0,173.0,136.0,49.0,,19.0,20.0,236.0,,134.0,1583.0,91.0,58.0,148.0,25.0,118.0,123.0,40.0,35.0,95.0,68.0,47963.0,1449.0,65.0,30.0,33000.0
252,2014,Auckland,340.0,1825.0,316.0,3704.0,3880.0,1136.0,6667.0,1140.0,1373.0,236.0,6772.0,82215.0,4341.0,6426.0,8894.0,3852.0,5601.0,5042.0,7793.0,2480.0,6412.0,3632.0,54567.0,75444.0,4182.0,6438.0,1506700.0
253,2014,Bay of Plenty,97.0,325.0,848.0,695.0,520.0,504.0,351.0,150.0,1080.0,576.0,992.0,12023.0,882.0,434.0,1181.0,339.0,960.0,843.0,657.0,320.0,875.0,582.0,42497.0,11030.0,658.0,416.0,282900.0
254,2014,Canterbury,172.0,484.0,2510.0,2727.0,1236.0,965.0,995.0,391.0,1360.0,395.0,2536.0,30735.0,1863.0,1343.0,3268.0,1324.0,2399.0,1944.0,2210.0,869.0,2218.0,1441.0,54177.0,28198.0,1397.0,1319.0,567300.0
255,2014,Gisborne,6.0,29.0,178.0,94.0,89.0,52.0,31.0,21.0,213.0,161.0,133.0,1606.0,118.0,57.0,113.0,22.0,104.0,92.0,75.0,51.0,112.0,88.0,34032.0,1474.0,63.0,33.0,47200.0
256,2014,Hawke's Bay,28.0,144.0,651.0,311.0,293.0,163.0,154.0,78.0,425.0,262.0,544.0,6588.0,468.0,234.0,926.0,226.0,461.0,700.0,324.0,207.0,501.0,312.0,41357.0,6044.0,276.0,251.0,159300.0
257,2014,Manawatu-Whanganui,33.0,114.0,1022.0,458.0,609.0,316.0,242.0,112.0,516.0,200.0,770.0,9327.0,658.0,366.0,859.0,288.0,644.0,571.0,415.0,664.0,609.0,493.0,40083.0,8558.0,316.0,425.0,232700.0
258,2014,Marlborough,17.0,27.0,291.0,119.0,57.0,,35.0,27.0,227.0,,200.0,2424.0,99.0,67.0,499.0,59.0,186.0,440.0,68.0,82.0,179.0,109.0,53868.0,2224.0,93.0,42.0,45000.0
259,2014,New Zealand,1336.0,4283.0,13111.0,12398.0,10503.0,7424.0,12265.0,3034.0,14266.0,6842.0,19199.0,232799.0,13473.0,13731.0,23828.0,8209.0,16147.0,15619.0,17763.0,9399.0,16128.0,9987.0,51977.0,213600.0,10356.0,11592.0,4478900.0
260,2014,Northland,40.0,88.0,628.0,321.0,278.0,174.0,170.0,66.0,419.0,245.0,482.0,5845.0,453.0,209.0,588.0,,551.0,,211.0,201.0,468.0,305.0,35127.0,5363.0,227.0,141.0,166400.0
261,2014,Otago,232.0,155.0,782.0,717.0,717.0,509.0,239.0,214.0,906.0,398.0,830.0,10054.0,660.0,490.0,649.0,195.0,841.0,454.0,503.0,275.0,705.0,480.0,47740.0,9224.0,423.0,237.0,
262,2014,Southland,49.0,39.0,1368.0,253.0,167.0,293.0,109.0,59.0,485.0,192.0,456.0,5531.0,238.0,191.0,661.0,,270.0,,171.0,106.0,284.0,215.0,57380.0,5075.0,250.0,160.0,
263,2014,Taranaki,26.0,148.0,992.0,333.0,180.0,564.0,167.0,63.0,3165.0,2601.0,765.0,9273.0,309.0,181.0,1087.0,303.0,388.0,784.0,309.0,98.0,399.0,232.0,81128.0,8508.0,258.0,172.0,114300.0
264,2014,Tasman/Nelson,30.0,102.0,271.0,254.0,162.0,89.0,95.0,61.0,269.0,180.0,348.0,4221.0,294.0,163.0,507.0,106.0,402.0,401.0,264.0,82.0,324.0,233.0,42857.0,3873.0,234.0,126.0,98500.0
265,2014,Total North Island,786.0,3451.0,7610.0,8196.0,8111.0,5483.0,10771.0,2261.0,10802.0,5319.0,14689.0,178146.0,10228.0,11418.0,18095.0,,11935.0,,14510.0,7955.0,12330.0,7440.0,51965.0,163457.0,7891.0,9669.0,3428200.0
266,2014,Total South Island,550.0,832.0,5501.0,4202.0,2392.0,1941.0,1494.0,774.0,3464.0,1523.0,4510.0,54653.0,3245.0,2313.0,5733.0,,4212.0,,3253.0,1444.0,3798.0,2547.0,52016.0,50143.0,2466.0,1923.0,1050700.0
267,2014,Waikato,82.0,259.0,2713.0,1072.0,982.0,1206.0,454.0,227.0,2127.0,921.0,1681.0,20371.0,1222.0,848.0,2157.0,650.0,1396.0,1507.0,1059.0,620.0,1396.0,816.0,47540.0,18690.0,541.0,721.0,428500.0
268,2014,Wellington,134.0,521.0,262.0,1206.0,1282.0,1367.0,2537.0,403.0,1484.0,117.0,2550.0,30897.0,1778.0,2663.0,2290.0,499.0,1830.0,1791.0,3666.0,3316.0,1556.0,979.0,63030.0,28348.0,1369.0,1072.0,490200.0
269,2014,West Coast,51.0,25.0,280.0,132.0,53.0,,20.0,22.0,216.0,,139.0,1687.0,91.0,60.0,149.0,24.0,115.0,125.0,37.0,29.0,88.0,71.0,51281.0,1548.0,69.0,39.0,32900.0
270,2015,Auckland,332.0,1932.0,213.0,4251.0,4108.0,1182.0,7562.0,1358.0,1428.0,245.0,7357.0,88433.0,4763.0,6803.0,9392.0,3987.0,5905.0,5405.0,8166.0,2637.0,6813.0,3902.0,57525.0,81076.0,4559.0,6954.0,1537300.0
271,2015,Bay of Plenty,99.0,338.0,585.0,748.0,545.0,554.0,333.0,166.0,1087.0,533.0,1025.0,12316.0,912.0,496.0,1296.0,355.0,1019.0,941.0,670.0,327.0,885.0,612.0,42498.0,11291.0,737.0,437.0,289800.0
272,2015,Canterbury,183.0,533.0,1495.0,3158.0,1294.0,1035.0,1055.0,438.0,1504.0,470.0,2672.0,32106.0,1894.0,1423.0,3720.0,1437.0,2625.0,2283.0,2382.0,923.0,2254.0,1491.0,55460.0,29434.0,1610.0,1450.0,578900.0
273,2015,Gisborne,4.0,36.0,175.0,101.0,93.0,54.0,29.0,26.0,197.0,144.0,140.0,1680.0,121.0,62.0,136.0,28.0,109.0,108.0,88.0,53.0,110.0,89.0,35155.0,1541.0,73.0,37.0,47800.0
274,2015,Hawke's Bay,27.0,131.0,653.0,345.0,299.0,172.0,161.0,85.0,462.0,290.0,561.0,6736.0,490.0,242.0,928.0,236.0,497.0,693.0,323.0,215.0,469.0,317.0,41505.0,6176.0,278.0,254.0,162300.0
275,2015,Manawatu-Whanganui,35.0,127.0,684.0,489.0,632.0,317.0,283.0,117.0,528.0,212.0,788.0,9469.0,685.0,404.0,1064.0,328.0,661.0,735.0,392.0,709.0,590.0,497.0,40141.0,8681.0,337.0,446.0,235900.0
276,2015,Marlborough,20.0,46.0,313.0,123.0,58.0,,34.0,26.0,235.0,,212.0,2550.0,96.0,70.0,509.0,67.0,198.0,442.0,70.0,95.0,182.0,110.0,55688.0,2338.0,107.0,46.0,45800.0
277,2015,New Zealand,1364.0,4556.0,8240.0,13833.0,10998.0,7595.0,13514.0,3420.0,14531.0,6936.0,20193.0,242699.0,14263.0,14452.0,26866.0,8753.0,17148.0,18113.0,18570.0,9824.0,16526.0,10491.0,53166.0,222506.0,11424.0,12486.0,4564900.0
278,2015,Northland,42.0,110.0,404.0,338.0,300.0,169.0,185.0,77.0,402.0,234.0,504.0,6059.0,497.0,215.0,794.0,,587.0,,221.0,205.0,455.0,316.0,35599.0,5555.0,260.0,150.0,170200.0
279,2015,Otago,248.0,158.0,555.0,786.0,740.0,464.0,298.0,230.0,812.0,348.0,856.0,10282.0,697.0,501.0,709.0,212.0,891.0,497.0,501.0,288.0,725.0,515.0,47803.0,9427.0,520.0,252.0,
280,2015,Southland,51.0,44.0,741.0,272.0,174.0,306.0,124.0,62.0,508.0,201.0,439.0,5281.0,247.0,204.0,935.0,,280.0,,179.0,106.0,271.0,225.0,54273.0,4841.0,276.0,143.0,
281,2015,Taranaki,24.0,150.0,499.0,343.0,194.0,486.0,144.0,71.0,3176.0,2690.0,756.0,9085.0,325.0,188.0,1349.0,288.0,408.0,1061.0,296.0,99.0,354.0,239.0,78452.0,8329.0,299.0,171.0,115800.0
282,2015,Tasman/Nelson,31.0,103.0,221.0,265.0,167.0,95.0,108.0,65.0,289.0,194.0,363.0,4359.0,324.0,172.0,523.0,99.0,422.0,424.0,264.0,84.0,328.0,245.0,43412.0,3996.0,239.0,146.0,100400.0
283,2015,Total North Island,785.0,3650.0,4774.0,9086.0,8512.0,5607.0,11870.0,2575.0,10977.0,5371.0,15518.0,186508.0,10905.0,12023.0,20284.0,,12610.0,,15135.0,8299.0,12676.0,7833.0,53372.0,170990.0,8590.0,10407.0,3494500.0
284,2015,Total South Island,580.0,906.0,3466.0,4747.0,2486.0,1988.0,1644.0,845.0,3554.0,1566.0,4676.0,56191.0,3358.0,2429.0,6582.0,,4538.0,,3435.0,1525.0,3851.0,2657.0,52496.0,51516.0,2834.0,2079.0,1070400.0
285,2015,Waikato,90.0,269.0,1386.0,1198.0,1010.0,1293.0,508.0,255.0,2179.0,886.0,1702.0,20456.0,1250.0,915.0,2743.0,728.0,1477.0,2015.0,1123.0,647.0,1408.0,848.0,46767.0,18754.0,603.0,846.0,437400.0
286,2015,Wellington,132.0,558.0,176.0,1273.0,1331.0,1380.0,2666.0,420.0,1518.0,137.0,2686.0,32273.0,1861.0,2698.0,2583.0,482.0,1948.0,2101.0,3855.0,3407.0,1593.0,1014.0,64806.0,29588.0,1445.0,1110.0,498000.0
287,2015,West Coast,47.0,21.0,140.0,143.0,53.0,,24.0,23.0,206.0,,134.0,1613.0,101.0,59.0,186.0,29.0,122.0,157.0,39.0,30.0,91.0,71.0,49034.0,1479.0,81.0,42.0,32900.0
288,2016,Auckland,378.0,2121.0,215.0,4883.0,4448.0,1162.0,7924.0,1494.0,1406.0,243.0,8115.0,96254.0,5146.0,7257.0,10102.0,4249.0,6425.0,5854.0,9039.0,2752.0,7715.0,4263.0,61227.0,88139.0,5323.0,7247.0,1572100.0
289,2016,Bay of Plenty,108.0,416.0,714.0,851.0,547.0,596.0,318.0,187.0,1236.0,640.0,1131.0,13419.0,982.0,499.0,1442.0,381.0,1128.0,1061.0,748.0,348.0,1010.0,643.0,45105.0,12287.0,708.0,402.0,297500.0
290,2016,Canterbury,235.0,534.0,1366.0,3303.0,1319.0,1023.0,900.0,465.0,1497.0,474.0,2794.0,33132.0,2039.0,1435.0,4103.0,1484.0,2557.0,2619.0,2513.0,1002.0,2259.0,1525.0,55712.0,30338.0,1746.0,1541.0,594700.0
291,2016,Gisborne,4.0,35.0,179.0,111.0,90.0,62.0,24.0,22.0,274.0,212.0,151.0,1789.0,133.0,66.0,125.0,24.0,116.0,102.0,74.0,57.0,116.0,88.0,36969.0,1638.0,81.0,42.0,48400.0
292,2016,Hawke's Bay,30.0,149.0,674.0,363.0,319.0,184.0,166.0,94.0,472.0,288.0,593.0,7037.0,481.0,242.0,981.0,269.0,521.0,712.0,331.0,219.0,500.0,329.0,42548.0,6444.0,312.0,260.0,165400.0
293,2016,Manawatu-Whanganui,38.0,134.0,653.0,508.0,633.0,336.0,259.0,123.0,560.0,224.0,824.0,9768.0,727.0,430.0,1084.0,330.0,700.0,754.0,422.0,755.0,624.0,492.0,40800.0,8944.0,351.0,451.0,239400.0
294,2016,Marlborough,23.0,47.0,260.0,135.0,62.0,,37.0,31.0,263.0,,225.0,2665.0,121.0,72.0,562.0,55.0,206.0,507.0,73.0,100.0,183.0,112.0,57057.0,2440.0,107.0,45.0,46700.0
295,2016,New Zealand,1560.0,4889.0,7691.0,15170.0,11431.0,7673.0,13962.0,3745.0,13779.0,6107.0,21534.0,255393.0,15164.0,15012.0,28808.0,9105.0,18106.0,19703.0,19932.0,10322.0,17919.0,11083.0,54756.0,233859.0,12430.0,12856.0,4664200.0
296,2016,Northland,44.0,116.0,409.0,366.0,298.0,173.0,170.0,80.0,446.0,273.0,552.0,6546.0,517.0,226.0,971.0,,636.0,,227.0,216.0,499.0,328.0,37557.0,5994.0,260.0,184.0,174300.0
297,2016,Otago,278.0,177.0,480.0,889.0,749.0,491.0,281.0,305.0,873.0,382.0,926.0,10983.0,719.0,589.0,743.0,241.0,946.0,501.0,580.0,314.0,800.0,545.0,49831.0,10057.0,536.0,255.0,
298,2016,Southland,55.0,39.0,569.0,281.0,177.0,343.0,135.0,65.0,555.0,212.0,432.0,5125.0,262.0,203.0,869.0,,288.0,,185.0,109.0,259.0,228.0,52083.0,4693.0,281.0,131.0,
299,2016,Taranaki,25.0,120.0,426.0,360.0,186.0,468.0,176.0,70.0,2091.0,1623.0,665.0,7886.0,348.0,188.0,1334.0,271.0,428.0,1063.0,305.0,103.0,349.0,245.0,67061.0,7221.0,294.0,173.0,117600.0
300,2016,Tasman/Nelson,43.0,117.0,237.0,286.0,160.0,92.0,100.0,68.0,310.0,218.0,388.0,4604.0,309.0,181.0,595.0,115.0,446.0,479.0,291.0,91.0,340.0,252.0,45004.0,4216.0,227.0,163.0,102300.0
301,2016,Total North Island,874.0,3955.0,4665.0,10136.0,8912.0,5631.0,12481.0,2787.0,10094.0,4463.0,16642.0,197377.0,11614.0,12478.0,21760.0,,13548.0,,16258.0,8676.0,13999.0,8349.0,55305.0,180735.0,9459.0,10693.0,3568900.0
302,2016,Total South Island,686.0,934.0,3026.0,5034.0,2518.0,2042.0,1481.0,958.0,3686.0,1643.0,4892.0,58016.0,3550.0,2534.0,7049.0,,4558.0,,3675.0,1646.0,3920.0,2734.0,52963.0,53124.0,2971.0,2163.0,1095400.0
303,2016,Waikato,107.0,288.0,1228.0,1344.0,1042.0,1314.0,518.0,275.0,2150.0,836.0,1788.0,21200.0,1327.0,938.0,2923.0,725.0,1576.0,2199.0,1166.0,692.0,1474.0,929.0,47354.0,19413.0,592.0,843.0,447700.0
304,2016,Wellington,139.0,575.0,167.0,1350.0,1350.0,1336.0,2925.0,441.0,1460.0,124.0,2823.0,33477.0,1953.0,2632.0,2796.0,516.0,2018.0,2281.0,3945.0,3533.0,1711.0,1031.0,66094.0,30654.0,1538.0,1091.0,506500.0
305,2016,West Coast,51.0,20.0,114.0,140.0,52.0,,28.0,24.0,188.0,,127.0,1507.0,100.0,54.0,177.0,22.0,115.0,156.0,33.0,30.0,80.0,72.0,45816.0,1380.0,74.0,28.0,32900.0
306,2017,Auckland,499.0,2362.0,309.0,5915.0,4642.0,1211.0,8403.0,1701.0,1497.0,286.0,8911.0,102535.0,5507.0,7342.0,10314.0,4693.0,6782.0,5621.0,10034.0,2925.0,8382.0,4817.0,63742.0,93624.0,5140.0,7052.0,1608600.0
307,2017,Bay of Plenty,127.0,499.0,1046.0,1092.0,602.0,552.0,350.0,216.0,1214.0,662.0,1315.0,15135.0,1013.0,600.0,1341.0,437.0,1278.0,905.0,816.0,369.0,1137.0,738.0,49348.0,13820.0,767.0,615.0,306700.0
308,2017,Canterbury,269.0,537.0,2090.0,3123.0,1401.0,1042.0,825.0,491.0,1545.0,502.0,2967.0,34156.0,2120.0,1501.0,3754.0,1526.0,2579.0,2229.0,2732.0,1037.0,2389.0,1626.0,56067.0,31189.0,1649.0,1521.0,609200.0
309,2017,Gisborne,6.0,31.0,198.0,108.0,96.0,61.0,32.0,26.0,259.0,198.0,162.0,1869.0,147.0,68.0,118.0,25.0,120.0,94.0,81.0,58.0,135.0,98.0,38146.0,1707.0,75.0,49.0,49000.0
310,2017,Hawke's Bay,41.0,157.0,714.0,430.0,326.0,185.0,190.0,111.0,511.0,327.0,667.0,7678.0,518.0,241.0,1084.0,308.0,579.0,776.0,365.0,232.0,544.0,377.0,45595.0,7011.0,327.0,264.0,168400.0
311,2017,Manawatu-Whanganui,40.0,142.0,873.0,534.0,638.0,303.0,305.0,137.0,531.0,228.0,890.0,10248.0,726.0,457.0,975.0,330.0,736.0,645.0,437.0,778.0,683.0,552.0,42189.0,9358.0,345.0,468.0,242900.0
312,2017,Marlborough,26.0,51.0,359.0,157.0,59.0,,56.0,39.0,285.0,,248.0,2851.0,130.0,80.0,511.0,71.0,218.0,440.0,80.0,90.0,187.0,121.0,60029.0,2604.0,111.0,46.0,47500.0
313,2017,New Zealand,1830.0,5330.0,11108.0,16763.0,11924.0,7882.0,14487.0,4213.0,14320.0,6438.0,23574.0,271352.0,15905.0,15447.0,27381.0,9820.0,19297.0,17562.0,21780.0,10902.0,19690.0,12294.0,56919.0,247778.0,12263.0,12843.0,4767300.0
314,2017,Northland,55.0,122.0,584.0,445.0,304.0,187.0,160.0,99.0,496.0,308.0,611.0,7040.0,522.0,244.0,798.0,,706.0,,239.0,243.0,578.0,385.0,39351.0,6428.0,278.0,170.0,178900.0
315,2017,Otago,307.0,197.0,633.0,967.0,767.0,445.0,284.0,337.0,915.0,469.0,1022.0,11767.0,722.0,603.0,721.0,268.0,1030.0,452.0,608.0,338.0,914.0,592.0,52042.0,10745.0,546.0,264.0,
316,2017,Southland,63.0,40.0,908.0,311.0,186.0,373.0,150.0,67.0,619.0,247.0,487.0,5609.0,269.0,206.0,702.0,,311.0,,223.0,112.0,288.0,240.0,56377.0,5122.0,279.0,148.0,
317,2017,Taranaki,25.0,104.0,739.0,369.0,194.0,459.0,185.0,79.0,2016.0,1558.0,692.0,7971.0,351.0,194.0,1008.0,255.0,439.0,753.0,305.0,108.0,393.0,262.0,66815.0,7279.0,283.0,224.0,119300.0
318,2017,Tasman/Nelson,46.0,118.0,289.0,309.0,170.0,81.0,106.0,80.0,326.0,245.0,427.0,4919.0,324.0,184.0,618.0,147.0,466.0,471.0,302.0,98.0,374.0,280.0,47211.0,4492.0,225.0,178.0,104200.0
319,2017,Total North Island,1068.0,4367.0,6613.0,11765.0,9290.0,5852.0,13040.0,3171.0,10444.0,4592.0,18285.0,210461.0,12241.0,12817.0,20935.0,,14577.0,,17799.0,9197.0,15457.0,9360.0,57694.0,192176.0,9382.0,10653.0,3647900.0
320,2017,Total South Island,762.0,963.0,4495.0,4998.0,2634.0,2030.0,1447.0,1043.0,3876.0,1845.0,5289.0,60891.0,3664.0,2630.0,6446.0,,4719.0,,3982.0,1705.0,4233.0,2934.0,54401.0,55602.0,2881.0,2191.0,1119300.0
321,2017,Waikato,115.0,350.0,1939.0,1489.0,1080.0,1220.0,571.0,306.0,2146.0,927.0,1970.0,22679.0,1399.0,972.0,2375.0,782.0,1768.0,1593.0,1354.0,697.0,1700.0,1039.0,49388.0,20709.0,619.0,789.0,459200.0
322,2017,Wellington,161.0,600.0,211.0,1381.0,1408.0,1674.0,2844.0,496.0,1773.0,99.0,3067.0,35306.0,2058.0,2700.0,2920.0,533.0,2168.0,2387.0,4167.0,3786.0,1904.0,1091.0,68569.0,32240.0,1549.0,1022.0,514900.0
323,2017,West Coast,51.0,22.0,216.0,132.0,51.0,,26.0,28.0,186.0,,138.0,1588.0,99.0,56.0,140.0,28.0,116.0,112.0,37.0,29.0,80.0,75.0,48406.0,1450.0,72.0,35.0,32800.0
324,2018,Auckland,423.0,2534.0,343.0,6825.0,4722.0,1344.0,9774.0,1801.0,1649.0,305.0,9300.0,109094.0,5857.0,7448.0,10876.0,4804.0,7214.0,6072.0,10737.0,3027.0,8507.0,4975.0,66488.0,99794.0,5442.0,7640.0,1640800.0
325,2018,Bay of Plenty,145.0,542.0,1126.0,1293.0,621.0,529.0,397.0,241.0,1334.0,804.0,1411.0,16517.0,1138.0,626.0,1455.0,443.0,1430.0,1012.0,861.0,393.0,1206.0,774.0,52219.0,15106.0,826.0,699.0,316300.0
326,2018,Canterbury,278.0,644.0,2423.0,3296.0,1436.0,1060.0,1141.0,523.0,1647.0,588.0,3134.0,36689.0,2206.0,1533.0,4088.0,1563.0,2599.0,2525.0,2969.0,1260.0,2425.0,1704.0,59214.0,33555.0,1730.0,1653.0,619600.0
327,2018,Gisborne,6.0,35.0,227.0,127.0,92.0,63.0,26.0,27.0,295.0,232.0,172.0,2016.0,150.0,67.0,125.0,26.0,128.0,99.0,79.0,58.0,164.0,101.0,40808.0,1844.0,83.0,54.0,49400.0
328,2018,Hawke's Bay,45.0,152.0,833.0,493.0,329.0,191.0,184.0,120.0,583.0,393.0,707.0,8274.0,544.0,254.0,1139.0,302.0,618.0,837.0,394.0,249.0,578.0,406.0,48329.0,7567.0,339.0,305.0,171200.0
329,2018,Manawatu-Whanganui,52.0,140.0,1035.0,608.0,657.0,296.0,304.0,146.0,574.0,278.0,945.0,11069.0,812.0,462.0,1093.0,336.0,809.0,757.0,462.0,818.0,710.0,572.0,44976.0,10123.0,376.0,490.0,246100.0
330,2018,Marlborough,27.0,59.0,342.0,185.0,58.0,,42.0,37.0,317.0,,261.0,3060.0,123.0,85.0,572.0,71.0,237.0,501.0,92.0,96.0,229.0,131.0,63349.0,2798.0,118.0,49.0,48300.0
331,2018,New Zealand,1922.0,5728.0,12610.0,19009.0,12275.0,8004.0,16262.0,4440.0,15426.0,7422.0,24813.0,290724.0,16708.0,15889.0,29638.0,10092.0,20772.0,19546.0,23382.0,11531.0,20538.0,12896.0,59822.0,265911.0,12909.0,13977.0,4859800.0
332,2018,Northland,72.0,100.0,654.0,521.0,306.0,192.0,141.0,107.0,540.0,348.0,651.0,7621.0,530.0,259.0,883.0,,797.0,,291.0,269.0,608.0,405.0,41508.0,6970.0,308.0,177.0,183600.0
333,2018,Otago,381.0,224.0,770.0,1057.0,802.0,539.0,204.0,325.0,1046.0,507.0,1098.0,12852.0,753.0,642.0,772.0,263.0,1140.0,509.0,722.0,360.0,1031.0,640.0,55396.0,11754.0,549.0,336.0,
334,2018,Southland,54.0,43.0,1084.0,330.0,192.0,341.0,137.0,74.0,624.0,282.0,524.0,6132.0,283.0,225.0,914.0,,336.0,,200.0,106.0,308.0,250.0,61201.0,5609.0,285.0,164.0,
335,2018,Taranaki,37.0,102.0,826.0,415.0,208.0,599.0,153.0,80.0,2419.0,1820.0,759.0,8888.0,390.0,202.0,1205.0,250.0,472.0,954.0,318.0,117.0,414.0,267.0,73641.0,8129.0,276.0,228.0,120700.0
336,2018,Tasman/Nelson,47.0,126.0,300.0,349.0,173.0,98.0,116.0,83.0,330.0,232.0,452.0,5287.0,356.0,195.0,645.0,139.0,515.0,506.0,336.0,104.0,403.0,298.0,49875.0,4835.0,272.0,186.0,106000.0
337,2018,Total North Island,1093.0,4609.0,7447.0,13644.0,9563.0,5876.0,14574.0,3369.0,11190.0,5314.0,19193.0,224920.0,12885.0,13147.0,22484.0,,15830.0,,19024.0,9572.0,16066.0,9797.0,60444.0,205727.0,9882.0,11552.0,3721100.0
338,2018,Total South Island,830.0,1119.0,5163.0,5366.0,2712.0,2128.0,1687.0,1071.0,4236.0,2108.0,5620.0,65804.0,3823.0,2742.0,7153.0,,4942.0,,4358.0,1959.0,4472.0,3099.0,57789.0,60184.0,3027.0,2425.0,1138700.0
339,2018,Waikato,136.0,371.0,2159.0,1701.0,1103.0,1333.0,555.0,337.0,2326.0,993.0,2109.0,24692.0,1560.0,1025.0,2772.0,816.0,1942.0,1956.0,1360.0,739.0,1813.0,1083.0,52470.0,22583.0,646.0,954.0,470600.0
340,2018,Wellington,176.0,633.0,243.0,1660.0,1524.0,1329.0,3040.0,508.0,1469.0,140.0,3139.0,36749.0,1903.0,2804.0,2938.0,525.0,2421.0,2413.0,4522.0,3901.0,2063.0,1214.0,70346.0,33610.0,1586.0,1004.0,522400.0
341,2018,West Coast,43.0,24.0,244.0,150.0,51.0,,48.0,28.0,272.0,,152.0,1784.0,101.0,62.0,162.0,32.0,115.0,130.0,39.0,33.0,77.0,75.0,54733.0,1632.0,73.0,36.0,32600.0
342,2019,Auckland,514.0,2622.0,333.0,7488.0,5045.0,1280.0,10525.0,1850.0,1621.0,341.0,9692.0,115126.0,6276.0,7920.0,11209.0,4971.0,7492.0,6237.0,11528.0,3233.0,9024.0,5266.0,68991.0,105433.0,5688.0,7799.0,1668700.0
343,2019,Bay of Plenty,157.0,616.0,1232.0,1339.0,674.0,659.0,451.0,257.0,1480.0,821.0,1504.0,17826.0,1206.0,666.0,1475.0,485.0,1577.0,990.0,974.0,470.0,1309.0,823.0,54899.0,16322.0,869.0,746.0,324700.0
344,2019,Canterbury,310.0,643.0,2426.0,3322.0,1537.0,1220.0,1325.0,552.0,1857.0,636.0,3231.0,38297.0,2555.0,1596.0,4104.0,1586.0,2709.0,2518.0,2964.0,1203.0,2614.0,1753.0,60963.0,35066.0,1848.0,1748.0,628200.0
345,2019,Gisborne,9.0,38.0,220.0,144.0,95.0,78.0,29.0,28.0,328.0,249.0,184.0,2184.0,173.0,71.0,126.0,25.0,142.0,101.0,84.0,68.0,190.0,107.0,43762.0,1999.0,90.0,56.0,49900.0
346,2019,Hawke's Bay,53.0,161.0,903.0,517.0,359.0,210.0,167.0,128.0,550.0,340.0,727.0,8613.0,566.0,266.0,1122.0,342.0,690.0,781.0,434.0,284.0,623.0,428.0,49586.0,7886.0,357.0,276.0,173700.0
347,2019,Manawatu-Whanganui,61.0,152.0,1036.0,669.0,696.0,330.0,309.0,157.0,637.0,307.0,990.0,11734.0,813.0,494.0,1126.0,362.0,896.0,764.0,505.0,888.0,776.0,586.0,47104.0,10744.0,391.0,552.0,249100.0
348,2019,Marlborough,25.0,65.0,353.0,195.0,58.0,,43.0,42.0,303.0,,273.0,3240.0,137.0,88.0,649.0,73.0,255.0,576.0,99.0,100.0,234.0,135.0,66112.0,2966.0,126.0,59.0,49000.0
349,2019,New Zealand,2105.0,6116.0,12655.0,20314.0,13099.0,8489.0,17161.0,4609.0,16141.0,7652.0,25812.0,306172.0,18030.0,16734.0,30455.0,10567.0,22127.0,19888.0,25041.0,12279.0,21988.0,13503.0,61954.0,280360.0,13609.0,14394.0,4941900.0
350,2019,Northland,68.0,125.0,605.0,554.0,340.0,211.0,134.0,111.0,564.0,354.0,667.0,7905.0,613.0,283.0,872.0,,858.0,,315.0,263.0,633.0,416.0,42159.0,7238.0,295.0,189.0,187500.0
351,2019,Otago,378.0,261.0,764.0,1182.0,838.0,577.0,217.0,318.0,1150.0,573.0,1150.0,13634.0,800.0,698.0,783.0,289.0,1254.0,495.0,732.0,403.0,1056.0,672.0,57454.0,12484.0,639.0,339.0,
352,2019,Southland,57.0,48.0,1090.0,311.0,210.0,410.0,127.0,71.0,749.0,338.0,547.0,6478.0,293.0,239.0,974.0,,354.0,,212.0,125.0,320.0,274.0,64080.0,5932.0,306.0,172.0,
353,2019,Taranaki,39.0,121.0,818.0,433.0,233.0,556.0,166.0,75.0,2317.0,1762.0,760.0,9005.0,407.0,213.0,1252.0,278.0,505.0,975.0,335.0,135.0,419.0,268.0,73690.0,8245.0,300.0,209.0,122200.0
354,2019,Tasman/Nelson,48.0,135.0,289.0,395.0,182.0,123.0,119.0,87.0,353.0,230.0,476.0,5638.0,369.0,215.0,662.0,157.0,541.0,505.0,373.0,126.0,463.0,312.0,52398.0,5162.0,281.0,211.0,107600.0
355,2019,Total North Island,1245.0,4937.0,7499.0,14764.0,10223.0,6057.0,15298.0,3509.0,11442.0,5385.0,19980.0,237045.0,13768.0,13826.0,23126.0,,16892.0,,20618.0,10278.0,17205.0,10282.0,62609.0,217065.0,10326.0,11827.0,3786100.0
356,2019,Total South Island,859.0,1179.0,5157.0,5550.0,2877.0,2432.0,1863.0,1101.0,4700.0,2268.0,5833.0,69127.0,4262.0,2907.0,7328.0,,5235.0,,4422.0,2001.0,4782.0,3221.0,59814.0,63295.0,3283.0,2568.0,1155700.0
357,2019,Waikato,142.0,404.0,2099.0,1846.0,1237.0,1365.0,624.0,363.0,2426.0,1061.0,2244.0,26593.0,1722.0,1132.0,3176.0,883.0,2112.0,2294.0,1481.0,830.0,1991.0,1152.0,55309.0,24349.0,681.0,933.0,480800.0
358,2019,Wellington,201.0,698.0,252.0,1775.0,1544.0,1368.0,2892.0,540.0,1518.0,151.0,3211.0,38061.0,1991.0,2780.0,2769.0,536.0,2621.0,2233.0,4962.0,4107.0,2241.0,1236.0,71881.0,34849.0,1656.0,1066.0,529500.0
359,2019,West Coast,40.0,27.0,235.0,144.0,51.0,,32.0,30.0,288.0,,155.0,1840.0,107.0,72.0,156.0,32.0,124.0,124.0,41.0,44.0,96.0,77.0,56620.0,1685.0,84.0,38.0,32500.0
360,2020,Auckland,529.0,2660.0,363.0,8203.0,5233.0,1346.0,10834.0,1954.0,1647.0,300.0,10167.0,120478.0,6635.0,8066.0,11642.0,5182.0,7906.0,6459.0,12643.0,3441.0,9604.0,5454.0,70874.0,110312.0,5643.0,7855.0,1699900.0
361,2020,Bay of Plenty,158.0,614.0,1366.0,1524.0,695.0,699.0,504.0,269.0,1455.0,756.0,1596.0,18879.0,1294.0,733.0,1539.0,494.0,1680.0,1045.0,1005.0,511.0,1430.0,842.0,56508.0,17283.0,902.0,763.0,334100.0
362,2020,Canterbury,314.0,659.0,2718.0,3482.0,1619.0,1340.0,1295.0,578.0,2011.0,671.0,3426.0,40525.0,2798.0,1723.0,4370.0,1648.0,2838.0,2722.0,3174.0,1391.0,2707.0,1793.0,63380.0,37099.0,1863.0,1766.0,639400.0
363,2020,Gisborne,13.0,41.0,233.0,153.0,101.0,51.0,31.0,30.0,279.0,228.0,190.0,2246.0,184.0,76.0,125.0,27.0,165.0,98.0,101.0,73.0,180.0,117.0,44120.0,2056.0,94.0,60.0,50900.0
364,2020,Hawke's Bay,56.0,190.0,939.0,629.0,375.0,211.0,189.0,129.0,581.0,370.0,775.0,9172.0,614.0,282.0,1069.0,332.0,765.0,737.0,447.0,310.0,669.0,455.0,51616.0,8397.0,384.0,316.0,177700.0
365,2020,Manawatu-Whanganui,63.0,148.0,1105.0,791.0,748.0,360.0,233.0,164.0,655.0,295.0,1048.0,12391.0,905.0,470.0,1143.0,367.0,999.0,776.0,513.0,963.0,859.0,605.0,48996.0,11344.0,424.0,555.0,252900.0
366,2020,Marlborough,27.0,62.0,362.0,202.0,68.0,,47.0,45.0,306.0,,290.0,3425.0,147.0,85.0,691.0,69.0,287.0,623.0,101.0,113.0,249.0,138.0,67955.0,3135.0,135.0,72.0,50400.0
367,2020,New Zealand,2140.0,6289.0,13866.0,22400.0,13795.0,8992.0,17594.0,4875.0,16375.0,7383.0,27294.0,323071.0,19447.0,17359.0,31257.0,10733.0,23810.0,20524.0,27100.0,13457.0,23654.0,13983.0,64086.0,295777.0,13817.0,14558.0,5041200.0
368,2020,Northland,72.0,142.0,664.0,631.0,362.0,220.0,131.0,113.0,519.0,299.0,712.0,8424.0,690.0,303.0,830.0,,955.0,,319.0,303.0,711.0,433.0,43852.0,7712.0,346.0,190.0,192100.0
369,2020,Otago,357.0,286.0,810.0,1273.0,892.0,571.0,217.0,325.0,1103.0,532.0,1210.0,14307.0,872.0,696.0,807.0,305.0,1356.0,503.0,803.0,415.0,1188.0,700.0,58998.0,13097.0,679.0,319.0,
370,2020,Southland,62.0,50.0,1201.0,351.0,227.0,423.0,123.0,87.0,737.0,314.0,563.0,6656.0,320.0,249.0,852.0,,388.0,,217.0,140.0,338.0,272.0,65063.0,6093.0,302.0,176.0,
371,2020,Taranaki,33.0,146.0,924.0,482.0,238.0,570.0,151.0,79.0,2276.0,1707.0,783.0,9266.0,456.0,229.0,1160.0,282.0,548.0,878.0,374.0,160.0,473.0,271.0,74545.0,8483.0,289.0,192.0,124300.0
372,2020,Tasman/Nelson,50.0,144.0,318.0,472.0,220.0,124.0,130.0,91.0,339.0,215.0,507.0,5994.0,408.0,231.0,692.0,165.0,584.0,526.0,361.0,133.0,522.0,320.0,54294.0,5487.0,258.0,216.0,110400.0
373,2020,Total North Island,1288.0,5067.0,8194.0,16463.0,10715.0,6430.0,15755.0,3718.0,11652.0,5221.0,21140.0,250279.0,14784.0,14297.0,23675.0,,18219.0,,22396.0,11217.0,18552.0,10685.0,64782.0,229139.0,10488.0,11974.0,3863400.0
374,2020,Total South Island,852.0,1222.0,5672.0,5937.0,3081.0,2562.0,1839.0,1157.0,4724.0,2162.0,6154.0,72792.0,4663.0,3062.0,7581.0,,5591.0,,4704.0,2241.0,5102.0,3298.0,61809.0,66638.0,3329.0,2583.0,1177700.0
375,2020,Waikato,154.0,433.0,2324.0,2019.0,1319.0,1556.0,650.0,374.0,2667.0,1111.0,2400.0,28393.0,1848.0,1157.0,3180.0,919.0,2249.0,2261.0,1602.0,916.0,2138.0,1208.0,57534.0,25993.0,765.0,989.0,493500.0
376,2020,Wellington,211.0,693.0,276.0,2031.0,1644.0,1417.0,3033.0,607.0,1572.0,155.0,3469.0,41030.0,2158.0,2981.0,2988.0,564.0,2951.0,2425.0,5392.0,4540.0,2488.0,1301.0,76263.0,37561.0,1640.0,1055.0,538000.0
377,2020,West Coast,42.0,22.0,263.0,157.0,56.0,,28.0,31.0,227.0,,159.0,1885.0,119.0,79.0,169.0,32.0,138.0,137.0,47.0,48.0,98.0,75.0,57636.0,1725.0,92.0,35.0,32700.0
378,2021,Auckland,439.0,2320.0,360.0,8815.0,5483.0,1335.0,11193.0,1755.0,1672.0,337.0,9821.0,123111.0,7283.0,7974.0,12195.0,5868.0,8362.0,6327.0,12957.0,3571.0,10002.0,6001.0,71991.0,113290.0,4246.0,8662.0,1710100.0
379,2021,Bay of Plenty,111.0,578.0,1530.0,1441.0,727.0,638.0,505.0,243.0,1362.0,724.0,1584.0,19597.0,1515.0,667.0,1528.0,463.0,1805.0,1065.0,1028.0,547.0,1573.0,934.0,57334.0,18012.0,837.0,1081.0,341800.0
380,2021,Canterbury,230.0,587.0,2878.0,3492.0,1708.0,1205.0,1364.0,483.0,1818.0,614.0,3256.0,40267.0,2924.0,1776.0,4182.0,1597.0,3035.0,2585.0,3271.0,1301.0,2729.0,1927.0,62198.0,37011.0,1494.0,1811.0,647400.0
381,2021,Gisborne,13.0,44.0,221.0,171.0,117.0,46.0,34.0,29.0,261.0,215.0,198.0,2454.0,201.0,80.0,169.0,27.0,187.0,142.0,110.0,80.0,207.0,130.0,47562.0,2256.0,125.0,78.0,51600.0
382,2021,Hawke's Bay,50.0,205.0,859.0,656.0,409.0,211.0,225.0,125.0,590.0,379.0,781.0,9659.0,697.0,288.0,1149.0,343.0,853.0,806.0,494.0,333.0,715.0,511.0,53337.0,8878.0,367.0,352.0,181100.0
383,2021,Manawatu-Whanganui,45.0,152.0,1060.0,821.0,798.0,363.0,357.0,148.0,648.0,284.0,1066.0,13180.0,997.0,471.0,1207.0,378.0,1134.0,829.0,549.0,1070.0,928.0,663.0,51546.0,12115.0,416.0,651.0,255700.0
384,2021,Marlborough,19.0,53.0,393.0,203.0,74.0,,51.0,41.0,339.0,,281.0,3478.0,163.0,83.0,656.0,73.0,310.0,583.0,96.0,114.0,267.0,147.0,67534.0,3197.0,126.0,60.0,51500.0
385,2021,New Zealand,1557.0,5633.0,14319.0,23294.0,14507.0,8555.0,18121.0,4255.0,15200.0,6645.0,26387.0,327991.0,21356.0,17244.0,30808.0,11376.0,25464.0,19432.0,28022.0,14219.0,24686.0,15235.0,64277.0,301604.0,11724.0,15958.0,5102800.0
386,2021,Northland,53.0,129.0,675.0,640.0,386.0,203.0,149.0,106.0,516.0,312.0,686.0,8490.0,697.0,324.0,667.0,,1030.0,,320.0,316.0,793.0,467.0,43163.0,7804.0,323.0,211.0,196700.0
387,2021,Otago,222.0,217.0,808.0,1347.0,926.0,649.0,271.0,229.0,1127.0,478.0,1131.0,13992.0,946.0,593.0,790.0,272.0,1409.0,518.0,787.0,451.0,1143.0,712.0,56923.0,12860.0,549.0,333.0,
388,2021,Southland,30.0,41.0,1256.0,349.0,229.0,364.0,144.0,73.0,676.0,311.0,544.0,6724.0,354.0,233.0,900.0,,429.0,,209.0,143.0,347.0,290.0,65469.0,6180.0,280.0,198.0,
389,2021,Taranaki,26.0,136.0,985.0,501.0,258.0,612.0,192.0,73.0,1751.0,1138.0,710.0,8787.0,508.0,223.0,1003.0,272.0,589.0,731.0,389.0,166.0,494.0,304.0,69794.0,8077.0,279.0,201.0,125900.0
390,2021,Tasman/Nelson,38.0,157.0,327.0,490.0,217.0,104.0,138.0,78.0,298.0,194.0,491.0,6073.0,472.0,217.0,619.0,151.0,626.0,468.0,389.0,149.0,556.0,327.0,53883.0,5582.0,264.0,220.0,112700.0
391,2021,Total North Island,1003.0,4561.0,8385.0,17253.0,11291.0,6127.0,16125.0,3328.0,10750.0,4624.0,20527.0,255518.0,16355.0,14263.0,23410.0,,19509.0,,23225.0,12010.0,19540.0,11754.0,65353.0,234991.0,8928.0,13300.0,3909800.0
392,2021,Total South Island,554.0,1073.0,5935.0,6041.0,3216.0,2428.0,1996.0,927.0,4449.0,2021.0,5860.0,72473.0,5001.0,2982.0,7397.0,,5955.0,,4797.0,2210.0,5145.0,3481.0,60749.0,66613.0,2796.0,2658.0,1193000.0
393,2021,Waikato,130.0,356.0,2430.0,2101.0,1378.0,1495.0,682.0,325.0,2582.0,1087.0,2371.0,29325.0,2078.0,1157.0,3203.0,947.0,2406.0,2256.0,1660.0,966.0,2318.0,1342.0,58253.0,26954.0,774.0,1065.0,503400.0
394,2021,Wellington,136.0,641.0,266.0,2107.0,1735.0,1223.0,2788.0,523.0,1370.0,147.0,3308.0,40914.0,2380.0,3078.0,2290.0,535.0,3142.0,1755.0,5718.0,4961.0,2510.0,1402.0,75279.0,37606.0,1560.0,998.0,543500.0
395,2021,West Coast,16.0,16.0,273.0,160.0,62.0,,28.0,23.0,191.0,,157.0,1941.0,142.0,79.0,249.0,32.0,146.0,217.0,46.0,51.0,103.0,79.0,58982.0,1784.0,84.0,36.0,32900.0
396,2022,Auckland,466.0,2766.0,406.0,9323.0,5661.0,1587.0,12311.0,1952.0,1972.0,384.0,10901.0,135171.0,8191.0,8655.0,12071.0,5790.0,8789.0,6280.0,15078.0,3893.0,10479.0,6747.0,79568.0,124270.0,4985.0,10525.0,1698800.0
397,2022,Bay of Plenty,125.0,702.0,1651.0,1430.0,812.0,706.0,544.0,277.0,1388.0,681.0,1741.0,21269.0,1723.0,793.0,1641.0,511.0,1937.0,1130.0,1184.0,542.0,1646.0,1055.0,61542.0,19527.0,917.0,1160.0,345600.0
398,2022,Canterbury,272.0,681.0,3262.0,3676.0,1893.0,1463.0,1614.0,584.0,2120.0,657.0,3601.0,43981.0,3094.0,1960.0,4107.0,1630.0,3263.0,2477.0,3644.0,1411.0,2922.0,2112.0,67455.0,40380.0,1578.0,2186.0,652000.0
399,2022,Gisborne,15.0,45.0,240.0,168.0,131.0,44.0,35.0,33.0,203.0,159.0,207.0,2525.0,225.0,93.0,143.0,31.0,212.0,112.0,128.0,82.0,235.0,134.0,48651.0,2318.0,108.0,88.0,51900.0
400,2022,Hawke's Bay,55.0,242.0,955.0,650.0,441.0,242.0,237.0,146.0,601.0,359.0,871.0,10644.0,754.0,331.0,1334.0,388.0,938.0,945.0,569.0,355.0,779.0,552.0,58324.0,9773.0,413.0,423.0,182500.0
401,2022,Manawatu-Whanganui,48.0,163.0,1272.0,851.0,856.0,362.0,354.0,186.0,649.0,287.0,1169.0,14279.0,1150.0,515.0,1241.0,410.0,1261.0,831.0,598.0,1060.0,965.0,728.0,55518.0,13110.0,458.0,756.0,257200.0
402,2022,Marlborough,26.0,57.0,359.0,187.0,91.0,,46.0,40.0,343.0,,293.0,3576.0,184.0,90.0,654.0,77.0,338.0,577.0,103.0,116.0,266.0,165.0,69293.0,3283.0,143.0,73.0,51600.0
403,2022,New Zealand,1743.0,6671.0,16373.0,24320.0,15489.0,9658.0,20252.0,4896.0,16463.0,6805.0,29194.0,358601.0,23665.0,18604.0,31597.0,12030.0,27240.0,19567.0,31774.0,15185.0,26033.0,16985.0,70105.0,329407.0,13124.0,18992.0,5115200.0
404,2022,Northland,56.0,143.0,775.0,721.0,397.0,239.0,132.0,126.0,562.0,323.0,774.0,9458.0,824.0,370.0,741.0,,1140.0,,403.0,333.0,814.0,559.0,47314.0,8684.0,341.0,248.0,199900.0
405,2022,Otago,221.0,286.0,954.0,1446.0,1045.0,672.0,309.0,273.0,1137.0,465.0,1250.0,15266.0,1016.0,642.0,907.0,374.0,1486.0,532.0,912.0,460.0,1225.0,795.0,61756.0,14016.0,541.0,363.0,
406,2022,Southland,35.0,42.0,1500.0,375.0,252.0,423.0,167.0,86.0,764.0,340.0,637.0,7781.0,419.0,258.0,1176.0,,465.0,,226.0,148.0,387.0,323.0,75913.0,7144.0,294.0,228.0,
407,2022,Taranaki,31.0,142.0,1153.0,507.0,269.0,522.0,199.0,98.0,1884.0,1362.0,795.0,9706.0,562.0,247.0,1271.0,324.0,659.0,947.0,405.0,164.0,527.0,338.0,76424.0,8911.0,285.0,169.0,127000.0
408,2022,Tasman/Nelson,43.0,160.0,335.0,495.0,218.0,150.0,180.0,94.0,337.0,187.0,538.0,6576.0,508.0,242.0,671.0,155.0,670.0,516.0,433.0,148.0,584.0,389.0,57994.0,6038.0,278.0,254.0,113400.0
409,2022,Total North Island,1117.0,5429.0,9654.0,17991.0,11923.0,6829.0,17906.0,3791.0,11544.0,4715.0,22714.0,279463.0,18294.0,15328.0,23967.0,,20857.0,,26409.0,12850.0,20540.0,13111.0,71368.0,256748.0,10191.0,15847.0,3915800.0
410,2022,Total South Island,626.0,1242.0,6719.0,6329.0,3566.0,2829.0,2346.0,1105.0,4919.0,2090.0,6479.0,79138.0,5371.0,3276.0,7630.0,,6383.0,,5365.0,2335.0,5494.0,3874.0,65976.0,72659.0,2933.0,3145.0,1199500.0
411,2022,Waikato,160.0,441.0,2893.0,2117.0,1455.0,1863.0,802.0,388.0,2874.0,1010.0,2620.0,31997.0,2325.0,1317.0,3106.0,995.0,2548.0,2111.0,1921.0,1010.0,2404.0,1446.0,62900.0,29378.0,954.0,1216.0,508700.0
412,2022,Wellington,161.0,785.0,308.0,2224.0,1902.0,1264.0,3291.0,586.0,1413.0,149.0,3636.0,44414.0,2540.0,3007.0,2419.0,611.0,3373.0,1808.0,6122.0,5411.0,2690.0,1553.0,81613.0,40777.0,1729.0,1262.0,544200.0
413,2022,West Coast,28.0,17.0,308.0,152.0,67.0,,31.0,27.0,217.0,,160.0,1958.0,151.0,84.0,116.0,32.0,162.0,84.0,48.0,52.0,110.0,91.0,59708.0,1798.0,99.0,39.0,32800.0
414,2023,Auckland,,,,,,,,,,,,148732.0,,,,,,,,,,,86734.0,,,,1714800.0
415,2023,Bay of Plenty,,,,,,,,,,,,22581.0,,,,,,,,,,,64462.0,,,,350300.0
416,2023,Canterbury,,,,,,,,,,,,47944.0,,,,,,,,,,,72620.0,,,,660200.0
417,2023,Gisborne,,,,,,,,,,,,2665.0,,,,,,,,,,,50955.0,,,,52300.0
418,2023,Hawke's Bay,,,,,,,,,,,,11385.0,,,,,,,,,,,61977.0,,,,183700.0
419,2023,Manawatu-Whanganui,,,,,,,,,,,,15289.0,,,,,,,,,,,59010.0,,,,259100.0
420,2023,Marlborough,,,,,,,,,,,,3947.0,,,,,,,,,,,76049.0,,,,51900.0
421,2023,New Zealand,,,,,,,,,,,,389145.0,,,,,,,,,,,75311.0,,,,5167200.0
422,2023,Northland,,,,,,,,,,,,10061.0,,,,,,,,,,,49710.0,,,,202400.0
423,2023,Otago,,,,,,,,,,,,16755.0,,,,,,,,,,,66700.0,,,,
424,2023,Southland,,,,,,,,,,,,8271.0,,,,,,,,,,,80148.0,,,,
425,2023,Taranaki,,,,,,,,,,,,10241.0,,,,,,,,,,,80072.0,,,,127900.0
426,2023,Tasman/Nelson,,,,,,,,,,,,7100.0,,,,,,,,,,,62277.0,,,,114300.0
427,2023,Total North Island,,,,,,,,,,,,303033.0,,,,,,,,,,,76645.0,,,,3953700.0
428,2023,Total South Island,,,,,,,,,,,,86112.0,,,,,,,,,,,70973.0,,,,1213600.0
429,2023,Waikato,,,,,,,,,,,,34613.0,,,,,,,,,,,67028.0,,,,516400.0
430,2023,Wellington,,,,,,,,,,,,47465.0,,,,,,,,,,,86805.0,,,,546800.0
431,2023,West Coast,,,,,,,,,,,,2095.0,,,,,,,,,,,63876.0,,,,32800.0
